GFlops, SizeI, SizeJ, SizeK, SizeL, LDD, LDC, LDA, LDB, TotalFlops, TilesPerCu, TotalGranularity, WinnerGFlops, WinnerTimeUS, WinnerIdx, WinnerName, Cijk_Ailk_Bljk_HHS_BH_MT64x384x16_MI32x32x8x1_SN_1LDSB0_GRVW4_K1_LPB4_LRVW4_MIWT2_3_NLCA1_PLR1_SS0_SRVW0_SVW4_VW1_WG32_8_1, Cijk_Ailk_Bljk_HHS_BH_MT64x384x16_MI32x32x8x1_SN_1LDSB0_GRVW2_K1_LPB4_LRVW4_MIWT2_3_NLCA1_PLR1_SS0_SRVW0_SVW4_VW1_WG32_8_1, Cijk_Ailk_Bljk_HHS_BH_MT64x384x16_MI32x32x8x1_SN_1LDSB0_GRVW8_K1_LPB8_LRVW4_MIWT2_3_NLCA1_PLR1_SS0_SRVW0_SVW4_VW1_WG32_8_1, Cijk_Ailk_Bljk_HHS_BH_MT64x384x16_MI32x32x8x1_SN_1LDSB0_GRVW4_K1_LPB4_LRVW4_MIWT2_3_NLCA1_PLR3_SS0_SRVW0_SVW4_VW1_WG32_8_1, Cijk_Ailk_Bljk_HHS_BH_MT64x384x16_MI32x32x8x1_SN_1LDSB0_GRVW2_K1_LPB4_LRVW4_MIWT2_3_NLCA1_PLR3_SS0_SRVW0_SVW4_VW1_WG32_8_1, Cijk_Ailk_Bljk_HHS_BH_MT64x384x16_MI32x32x8x1_SN_1LDSB0_GRVW8_K1_LPB8_LRVW4_MIWT2_3_NLCA1_PLR3_SS0_SRVW0_SVW4_VW1_WG32_8_1, Cijk_Ailk_Bljk_HHS_BH_MT96x64x16_MI32x32x8x1_SN_1LDSB0_GRVW4_K1_LPB4_LRVW4_MIWT3_1_NLCA3_PLR1_SS0_SRVW0_SVW4_VW1_WG32_4_1, Cijk_Ailk_Bljk_HHS_BH_MT96x64x16_MI32x32x8x1_SN_1LDSB0_GRVW2_K1_LPB4_LRVW4_MIWT3_1_NLCA3_PLR1_SS0_SRVW0_SVW4_VW1_WG32_4_1, Cijk_Ailk_Bljk_HHS_BH_MT96x64x16_MI32x32x8x1_SN_1LDSB0_GRVW4_K1_LPB4_LRVW4_MIWT3_1_NLCA3_PLR3_SS0_SRVW0_SVW4_VW1_WG32_4_1, Cijk_Ailk_Bljk_HHS_BH_MT96x64x16_MI32x32x8x1_SN_1LDSB0_GRVW2_K1_LPB4_LRVW4_MIWT3_1_NLCA3_PLR3_SS0_SRVW0_SVW4_VW1_WG32_4_1, Cijk_Ailk_Bljk_HHS_BH_MT64x384x16_MI32x32x8x1_SN_1LDSB1_GRVW4_K1_LPB4_LRVW4_MIWT2_3_NLCA1_PLR1_SS0_SRVW0_SVW4_VW1_WG32_8_1, Cijk_Ailk_Bljk_HHS_BH_MT64x384x16_MI32x32x8x1_SN_1LDSB1_GRVW2_K1_LPB4_LRVW4_MIWT2_3_NLCA1_PLR1_SS0_SRVW0_SVW4_VW1_WG32_8_1, Cijk_Ailk_Bljk_HHS_BH_MT64x384x16_MI32x32x8x1_SN_1LDSB1_GRVW8_K1_LPB8_LRVW4_MIWT2_3_NLCA1_PLR1_SS0_SRVW0_SVW4_VW1_WG32_8_1, Cijk_Ailk_Bljk_HHS_BH_MT64x384x16_MI32x32x8x1_SN_1LDSB1_GRVW4_K1_LPB4_LRVW4_MIWT2_3_NLCA1_PLR3_SS0_SRVW0_SVW4_VW1_WG32_8_1, Cijk_Ailk_Bljk_HHS_BH_MT64x384x16_MI32x32x8x1_SN_1LDSB1_GRVW2_K1_LPB4_LRVW4_MIWT2_3_NLCA1_PLR3_SS0_SRVW0_SVW4_VW1_WG32_8_1, Cijk_Ailk_Bljk_HHS_BH_MT64x384x16_MI32x32x8x1_SN_1LDSB1_GRVW8_K1_LPB8_LRVW4_MIWT2_3_NLCA1_PLR3_SS0_SRVW0_SVW4_VW1_WG32_8_1, Cijk_Ailk_Bljk_HHS_BH_MT64x384x32_MI32x32x8x1_SN_1LDSB0_GRVW8_K1_LPB8_LRVW4_MIWT2_3_NLCA1_PLR1_SS0_SRVW0_SVW4_VW1_WG32_8_1, Cijk_Ailk_Bljk_HHS_BH_MT64x384x32_MI32x32x8x1_SN_1LDSB0_GRVW2_K1_LPB4_LRVW4_MIWT2_3_NLCA1_PLR1_SS0_SRVW0_SVW4_VW1_WG32_8_1, Cijk_Ailk_Bljk_HHS_BH_MT64x384x32_MI32x32x8x1_SN_1LDSB0_GRVW4_K1_LPB4_LRVW4_MIWT2_3_NLCA1_PLR1_SS0_SRVW0_SVW4_VW1_WG32_8_1, Cijk_Ailk_Bljk_HHS_BH_MT64x384x32_MI32x32x8x1_SN_1LDSB0_GRVW8_K1_LPB8_LRVW4_MIWT2_3_NLCA1_PLR5_SS0_SRVW0_SVW4_VW1_WG32_8_1, Cijk_Ailk_Bljk_HHS_BH_MT64x384x32_MI32x32x8x1_SN_1LDSB0_GRVW2_K1_LPB4_LRVW4_MIWT2_3_NLCA1_PLR5_SS0_SRVW0_SVW4_VW1_WG32_8_1, Cijk_Ailk_Bljk_HHS_BH_MT64x384x32_MI32x32x8x1_SN_1LDSB0_GRVW4_K1_LPB4_LRVW4_MIWT2_3_NLCA1_PLR5_SS0_SRVW0_SVW4_VW1_WG32_8_1, Cijk_Ailk_Bljk_HHS_BH_MT64x384x32_MI32x32x8x1_SN_1LDSB0_GRVW8_K1_LPB8_LRVW8_MIWT2_3_NLCA1_PLR5_SS0_SRVW0_SVW4_VW1_WG32_8_1, Cijk_Ailk_Bljk_HHS_BH_MT64x384x32_MI32x32x8x1_SN_1LDSB0_GRVW2_K1_LPB8_LRVW8_MIWT2_3_NLCA1_PLR5_SS0_SRVW0_SVW4_VW1_WG32_8_1, Cijk_Ailk_Bljk_HHS_BH_MT64x384x32_MI32x32x8x1_SN_1LDSB0_GRVW4_K1_LPB8_LRVW8_MIWT2_3_NLCA1_PLR5_SS0_SRVW0_SVW4_VW1_WG32_8_1, Cijk_Ailk_Bljk_HHS_BH_MT96x64x32_MI32x32x8x1_SN_1LDSB0_GRVW8_K1_LPB8_LRVW4_MIWT3_1_NLCA3_PLR1_SS0_SRVW0_SVW4_VW1_WG32_4_1, Cijk_Ailk_Bljk_HHS_BH_MT96x64x32_MI32x32x8x1_SN_1LDSB0_GRVW2_K1_LPB4_LRVW4_MIWT3_1_NLCA3_PLR1_SS0_SRVW0_SVW4_VW1_WG32_4_1, Cijk_Ailk_Bljk_HHS_BH_MT96x64x32_MI32x32x8x1_SN_1LDSB0_GRVW4_K1_LPB4_LRVW4_MIWT3_1_NLCA3_PLR1_SS0_SRVW0_SVW4_VW1_WG32_4_1, Cijk_Ailk_Bljk_HHS_BH_MT96x64x32_MI32x32x8x1_SN_1LDSB0_GRVW8_K1_LPB8_LRVW4_MIWT3_1_NLCA3_PLR5_SS0_SRVW0_SVW4_VW1_WG32_4_1, Cijk_Ailk_Bljk_HHS_BH_MT96x64x32_MI32x32x8x1_SN_1LDSB0_GRVW2_K1_LPB4_LRVW4_MIWT3_1_NLCA3_PLR5_SS0_SRVW0_SVW4_VW1_WG32_4_1, Cijk_Ailk_Bljk_HHS_BH_MT96x64x32_MI32x32x8x1_SN_1LDSB0_GRVW4_K1_LPB4_LRVW4_MIWT3_1_NLCA3_PLR5_SS0_SRVW0_SVW4_VW1_WG32_4_1, Cijk_Ailk_Bljk_HHS_BH_MT96x64x32_MI32x32x8x1_SN_1LDSB0_GRVW8_K1_LPB8_LRVW8_MIWT3_1_NLCA3_PLR5_SS0_SRVW0_SVW4_VW1_WG32_4_1, Cijk_Ailk_Bljk_HHS_BH_MT96x64x32_MI32x32x8x1_SN_1LDSB0_GRVW2_K1_LPB8_LRVW8_MIWT3_1_NLCA3_PLR5_SS0_SRVW0_SVW4_VW1_WG32_4_1, Cijk_Ailk_Bljk_HHS_BH_MT96x64x32_MI32x32x8x1_SN_1LDSB0_GRVW4_K1_LPB8_LRVW8_MIWT3_1_NLCA3_PLR5_SS0_SRVW0_SVW4_VW1_WG32_4_1, Cijk_Ailk_Bljk_HHS_BH_MT64x384x32_MI32x32x8x1_SN_1LDSB1_GRVW8_K1_LPB8_LRVW4_MIWT2_3_NLCA1_PLR1_SS0_SRVW0_SVW4_VW1_WG32_8_1, Cijk_Ailk_Bljk_HHS_BH_MT64x384x32_MI32x32x8x1_SN_1LDSB1_GRVW2_K1_LPB4_LRVW4_MIWT2_3_NLCA1_PLR1_SS0_SRVW0_SVW4_VW1_WG32_8_1, Cijk_Ailk_Bljk_HHS_BH_MT64x384x32_MI32x32x8x1_SN_1LDSB1_GRVW4_K1_LPB4_LRVW4_MIWT2_3_NLCA1_PLR1_SS0_SRVW0_SVW4_VW1_WG32_8_1, Cijk_Ailk_Bljk_HHS_BH_MT64x384x32_MI32x32x8x1_SN_1LDSB1_GRVW8_K1_LPB8_LRVW4_MIWT2_3_NLCA1_PLR5_SS0_SRVW0_SVW4_VW1_WG32_8_1, Cijk_Ailk_Bljk_HHS_BH_MT64x384x32_MI32x32x8x1_SN_1LDSB1_GRVW2_K1_LPB4_LRVW4_MIWT2_3_NLCA1_PLR5_SS0_SRVW0_SVW4_VW1_WG32_8_1, Cijk_Ailk_Bljk_HHS_BH_MT64x384x32_MI32x32x8x1_SN_1LDSB1_GRVW4_K1_LPB4_LRVW4_MIWT2_3_NLCA1_PLR5_SS0_SRVW0_SVW4_VW1_WG32_8_1, Cijk_Ailk_Bljk_HHS_BH_MT64x384x32_MI32x32x8x1_SN_1LDSB1_GRVW8_K1_LPB8_LRVW8_MIWT2_3_NLCA1_PLR5_SS0_SRVW0_SVW4_VW1_WG32_8_1, Cijk_Ailk_Bljk_HHS_BH_MT64x384x32_MI32x32x8x1_SN_1LDSB1_GRVW2_K1_LPB8_LRVW8_MIWT2_3_NLCA1_PLR5_SS0_SRVW0_SVW4_VW1_WG32_8_1, Cijk_Ailk_Bljk_HHS_BH_MT64x384x32_MI32x32x8x1_SN_1LDSB1_GRVW4_K1_LPB8_LRVW8_MIWT2_3_NLCA1_PLR5_SS0_SRVW0_SVW4_VW1_WG32_8_1, Cijk_Ailk_Bljk_HHS_BH_MT96x64x32_MI32x32x8x1_SN_1LDSB1_GRVW8_K1_LPB8_LRVW8_MIWT3_1_NLCA3_PLR5_SS0_SRVW0_SVW4_VW1_WG32_4_1, Cijk_Ailk_Bljk_HHS_BH_MT96x64x32_MI32x32x8x1_SN_1LDSB1_GRVW2_K1_LPB8_LRVW8_MIWT3_1_NLCA3_PLR5_SS0_SRVW0_SVW4_VW1_WG32_4_1, Cijk_Ailk_Bljk_HHS_BH_MT96x64x32_MI32x32x8x1_SN_1LDSB1_GRVW4_K1_LPB8_LRVW8_MIWT3_1_NLCA3_PLR5_SS0_SRVW0_SVW4_VW1_WG32_4_1, Cijk_Ailk_Bljk_HHS_BH_MT96x64x64_MI32x32x8x1_SN_1LDSB0_GRVW8_K1_LPB8_LRVW4_MIWT3_1_NLCA3_PLR1_SS0_SRVW0_SVW4_VW1_WG32_4_1, Cijk_Ailk_Bljk_HHS_BH_MT96x64x64_MI32x32x8x1_SN_1LDSB0_GRVW2_K1_LPB4_LRVW4_MIWT3_1_NLCA3_PLR1_SS0_SRVW0_SVW4_VW1_WG32_4_1, Cijk_Ailk_Bljk_HHS_BH_MT96x64x64_MI32x32x8x1_SN_1LDSB0_GRVW4_K1_LPB4_LRVW4_MIWT3_1_NLCA3_PLR1_SS0_SRVW0_SVW4_VW1_WG32_4_1, Cijk_Ailk_Bljk_HHS_BH_MT96x64x64_MI32x32x8x1_SN_1LDSB0_GRVW8_K1_LPB8_LRVW4_MIWT3_1_NLCA3_PLR9_SS0_SRVW0_SVW4_VW1_WG32_4_1, Cijk_Ailk_Bljk_HHS_BH_MT96x64x64_MI32x32x8x1_SN_1LDSB0_GRVW2_K1_LPB4_LRVW4_MIWT3_1_NLCA3_PLR9_SS0_SRVW0_SVW4_VW1_WG32_4_1, Cijk_Ailk_Bljk_HHS_BH_MT96x64x64_MI32x32x8x1_SN_1LDSB0_GRVW4_K1_LPB4_LRVW4_MIWT3_1_NLCA3_PLR9_SS0_SRVW0_SVW4_VW1_WG32_4_1, Cijk_Ailk_Bljk_HHS_BH_MT96x64x64_MI32x32x8x1_SN_1LDSB0_GRVW8_K1_LPB8_LRVW8_MIWT3_1_NLCA3_PLR9_SS0_SRVW0_SVW4_VW1_WG32_4_1, Cijk_Ailk_Bljk_HHS_BH_MT96x64x64_MI32x32x8x1_SN_1LDSB0_GRVW2_K1_LPB8_LRVW8_MIWT3_1_NLCA3_PLR9_SS0_SRVW0_SVW4_VW1_WG32_4_1, Cijk_Ailk_Bljk_HHS_BH_MT96x64x64_MI32x32x8x1_SN_1LDSB0_GRVW4_K1_LPB8_LRVW8_MIWT3_1_NLCA3_PLR9_SS0_SRVW0_SVW4_VW1_WG32_4_1, Cijk_Ailk_Bljk_HHS_BH_MT64x384x64_MI32x32x8x1_SN_1LDSB1_GRVW8_K1_LPB8_LRVW4_MIWT2_3_NLCA1_PLR1_SS0_SRVW0_SVW4_VW1_WG32_8_1, Cijk_Ailk_Bljk_HHS_BH_MT64x384x64_MI32x32x8x1_SN_1LDSB1_GRVW2_K1_LPB4_LRVW4_MIWT2_3_NLCA1_PLR1_SS0_SRVW0_SVW4_VW1_WG32_8_1, Cijk_Ailk_Bljk_HHS_BH_MT64x384x64_MI32x32x8x1_SN_1LDSB1_GRVW4_K1_LPB4_LRVW4_MIWT2_3_NLCA1_PLR1_SS0_SRVW0_SVW4_VW1_WG32_8_1, Cijk_Ailk_Bljk_HHS_BH_MT64x384x64_MI32x32x8x1_SN_1LDSB1_GRVW8_K1_LPB8_LRVW4_MIWT2_3_NLCA1_PLR9_SS0_SRVW0_SVW4_VW1_WG32_8_1, Cijk_Ailk_Bljk_HHS_BH_MT64x384x64_MI32x32x8x1_SN_1LDSB1_GRVW2_K1_LPB4_LRVW4_MIWT2_3_NLCA1_PLR9_SS0_SRVW0_SVW4_VW1_WG32_8_1, Cijk_Ailk_Bljk_HHS_BH_MT64x384x64_MI32x32x8x1_SN_1LDSB1_GRVW4_K1_LPB4_LRVW4_MIWT2_3_NLCA1_PLR9_SS0_SRVW0_SVW4_VW1_WG32_8_1, Cijk_Ailk_Bljk_HHS_BH_MT64x384x64_MI32x32x8x1_SN_1LDSB1_GRVW8_K1_LPB8_LRVW8_MIWT2_3_NLCA1_PLR9_SS0_SRVW0_SVW4_VW1_WG32_8_1, Cijk_Ailk_Bljk_HHS_BH_MT64x384x64_MI32x32x8x1_SN_1LDSB1_GRVW2_K1_LPB8_LRVW8_MIWT2_3_NLCA1_PLR9_SS0_SRVW0_SVW4_VW1_WG32_8_1, Cijk_Ailk_Bljk_HHS_BH_MT64x384x64_MI32x32x8x1_SN_1LDSB1_GRVW4_K1_LPB8_LRVW8_MIWT2_3_NLCA1_PLR9_SS0_SRVW0_SVW4_VW1_WG32_8_1, Cijk_Ailk_Bljk_HHS_BH_MT96x64x64_MI32x32x8x1_SN_1LDSB1_GRVW8_K1_LPB8_LRVW4_MIWT3_1_NLCA3_PLR9_SS0_SRVW0_SVW4_VW1_WG32_4_1, Cijk_Ailk_Bljk_HHS_BH_MT96x64x64_MI32x32x8x1_SN_1LDSB1_GRVW2_K1_LPB4_LRVW4_MIWT3_1_NLCA3_PLR9_SS0_SRVW0_SVW4_VW1_WG32_4_1, Cijk_Ailk_Bljk_HHS_BH_MT96x64x64_MI32x32x8x1_SN_1LDSB1_GRVW4_K1_LPB4_LRVW4_MIWT3_1_NLCA3_PLR9_SS0_SRVW0_SVW4_VW1_WG32_4_1, Cijk_Ailk_Bljk_HHS_BH_MT96x64x64_MI32x32x8x1_SN_1LDSB1_GRVW8_K1_LPB8_LRVW8_MIWT3_1_NLCA3_PLR9_SS0_SRVW0_SVW4_VW1_WG32_4_1, Cijk_Ailk_Bljk_HHS_BH_MT96x64x64_MI32x32x8x1_SN_1LDSB1_GRVW2_K1_LPB8_LRVW8_MIWT3_1_NLCA3_PLR9_SS0_SRVW0_SVW4_VW1_WG32_4_1, Cijk_Ailk_Bljk_HHS_BH_MT96x64x64_MI32x32x8x1_SN_1LDSB1_GRVW4_K1_LPB8_LRVW8_MIWT3_1_NLCA3_PLR9_SS0_SRVW0_SVW4_VW1_WG32_4_1, Cijk_Ailk_Bljk_HHS_BH_MT64x384x16_MI32x32x8x1_SN_1LDSB0_GRVW4_K1_LPB4_LRVW4_MIWT2_3_NLCA1_PLR1_SS0_SRVW4_SVW4_VW1_WG32_8_1, Cijk_Ailk_Bljk_HHS_BH_MT64x384x16_MI32x32x8x1_SN_1LDSB0_GRVW2_K1_LPB4_LRVW4_MIWT2_3_NLCA1_PLR1_SS0_SRVW4_SVW4_VW1_WG32_8_1, Cijk_Ailk_Bljk_HHS_BH_MT64x384x16_MI32x32x8x1_SN_1LDSB0_GRVW8_K1_LPB8_LRVW4_MIWT2_3_NLCA1_PLR1_SS0_SRVW4_SVW4_VW1_WG32_8_1, Cijk_Ailk_Bljk_HHS_BH_MT64x384x16_MI32x32x8x1_SN_1LDSB0_GRVW4_K1_LPB4_LRVW4_MIWT2_3_NLCA1_PLR3_SS0_SRVW4_SVW4_VW1_WG32_8_1, Cijk_Ailk_Bljk_HHS_BH_MT64x384x16_MI32x32x8x1_SN_1LDSB0_GRVW2_K1_LPB4_LRVW4_MIWT2_3_NLCA1_PLR3_SS0_SRVW4_SVW4_VW1_WG32_8_1, Cijk_Ailk_Bljk_HHS_BH_MT64x384x16_MI32x32x8x1_SN_1LDSB0_GRVW8_K1_LPB8_LRVW4_MIWT2_3_NLCA1_PLR3_SS0_SRVW4_SVW4_VW1_WG32_8_1, Cijk_Ailk_Bljk_HHS_BH_MT64x384x16_MI32x32x8x1_SN_1LDSB1_GRVW4_K1_LPB4_LRVW4_MIWT2_3_NLCA1_PLR1_SS0_SRVW4_SVW4_VW1_WG32_8_1, Cijk_Ailk_Bljk_HHS_BH_MT64x384x16_MI32x32x8x1_SN_1LDSB1_GRVW2_K1_LPB4_LRVW4_MIWT2_3_NLCA1_PLR1_SS0_SRVW4_SVW4_VW1_WG32_8_1, Cijk_Ailk_Bljk_HHS_BH_MT64x384x16_MI32x32x8x1_SN_1LDSB1_GRVW8_K1_LPB8_LRVW4_MIWT2_3_NLCA1_PLR1_SS0_SRVW4_SVW4_VW1_WG32_8_1, Cijk_Ailk_Bljk_HHS_BH_MT64x384x16_MI32x32x8x1_SN_1LDSB1_GRVW4_K1_LPB4_LRVW4_MIWT2_3_NLCA1_PLR3_SS0_SRVW4_SVW4_VW1_WG32_8_1, Cijk_Ailk_Bljk_HHS_BH_MT64x384x16_MI32x32x8x1_SN_1LDSB1_GRVW2_K1_LPB4_LRVW4_MIWT2_3_NLCA1_PLR3_SS0_SRVW4_SVW4_VW1_WG32_8_1, Cijk_Ailk_Bljk_HHS_BH_MT64x384x16_MI32x32x8x1_SN_1LDSB1_GRVW8_K1_LPB8_LRVW4_MIWT2_3_NLCA1_PLR3_SS0_SRVW4_SVW4_VW1_WG32_8_1, Cijk_Ailk_Bljk_HHS_BH_MT64x384x32_MI32x32x8x1_SN_1LDSB0_GRVW8_K1_LPB8_LRVW4_MIWT2_3_NLCA1_PLR1_SS0_SRVW4_SVW4_VW1_WG32_8_1, Cijk_Ailk_Bljk_HHS_BH_MT64x384x32_MI32x32x8x1_SN_1LDSB0_GRVW2_K1_LPB4_LRVW4_MIWT2_3_NLCA1_PLR1_SS0_SRVW4_SVW4_VW1_WG32_8_1, Cijk_Ailk_Bljk_HHS_BH_MT64x384x32_MI32x32x8x1_SN_1LDSB0_GRVW4_K1_LPB4_LRVW4_MIWT2_3_NLCA1_PLR1_SS0_SRVW4_SVW4_VW1_WG32_8_1, Cijk_Ailk_Bljk_HHS_BH_MT64x384x32_MI32x32x8x1_SN_1LDSB0_GRVW8_K1_LPB8_LRVW4_MIWT2_3_NLCA1_PLR5_SS0_SRVW4_SVW4_VW1_WG32_8_1, Cijk_Ailk_Bljk_HHS_BH_MT64x384x32_MI32x32x8x1_SN_1LDSB0_GRVW2_K1_LPB4_LRVW4_MIWT2_3_NLCA1_PLR5_SS0_SRVW4_SVW4_VW1_WG32_8_1, Cijk_Ailk_Bljk_HHS_BH_MT64x384x32_MI32x32x8x1_SN_1LDSB0_GRVW4_K1_LPB4_LRVW4_MIWT2_3_NLCA1_PLR5_SS0_SRVW4_SVW4_VW1_WG32_8_1, Cijk_Ailk_Bljk_HHS_BH_MT64x384x32_MI32x32x8x1_SN_1LDSB0_GRVW8_K1_LPB8_LRVW8_MIWT2_3_NLCA1_PLR5_SS0_SRVW4_SVW4_VW1_WG32_8_1, Cijk_Ailk_Bljk_HHS_BH_MT64x384x32_MI32x32x8x1_SN_1LDSB0_GRVW2_K1_LPB8_LRVW8_MIWT2_3_NLCA1_PLR5_SS0_SRVW4_SVW4_VW1_WG32_8_1, Cijk_Ailk_Bljk_HHS_BH_MT64x384x32_MI32x32x8x1_SN_1LDSB0_GRVW4_K1_LPB8_LRVW8_MIWT2_3_NLCA1_PLR5_SS0_SRVW4_SVW4_VW1_WG32_8_1, Cijk_Ailk_Bljk_HHS_BH_MT64x384x32_MI32x32x8x1_SN_1LDSB1_GRVW8_K1_LPB8_LRVW4_MIWT2_3_NLCA1_PLR1_SS0_SRVW4_SVW4_VW1_WG32_8_1, Cijk_Ailk_Bljk_HHS_BH_MT64x384x32_MI32x32x8x1_SN_1LDSB1_GRVW2_K1_LPB4_LRVW4_MIWT2_3_NLCA1_PLR1_SS0_SRVW4_SVW4_VW1_WG32_8_1, Cijk_Ailk_Bljk_HHS_BH_MT64x384x32_MI32x32x8x1_SN_1LDSB1_GRVW4_K1_LPB4_LRVW4_MIWT2_3_NLCA1_PLR1_SS0_SRVW4_SVW4_VW1_WG32_8_1, Cijk_Ailk_Bljk_HHS_BH_MT64x384x32_MI32x32x8x1_SN_1LDSB1_GRVW8_K1_LPB8_LRVW4_MIWT2_3_NLCA1_PLR5_SS0_SRVW4_SVW4_VW1_WG32_8_1, Cijk_Ailk_Bljk_HHS_BH_MT64x384x32_MI32x32x8x1_SN_1LDSB1_GRVW2_K1_LPB4_LRVW4_MIWT2_3_NLCA1_PLR5_SS0_SRVW4_SVW4_VW1_WG32_8_1, Cijk_Ailk_Bljk_HHS_BH_MT64x384x32_MI32x32x8x1_SN_1LDSB1_GRVW4_K1_LPB4_LRVW4_MIWT2_3_NLCA1_PLR5_SS0_SRVW4_SVW4_VW1_WG32_8_1, Cijk_Ailk_Bljk_HHS_BH_MT64x384x32_MI32x32x8x1_SN_1LDSB1_GRVW8_K1_LPB8_LRVW8_MIWT2_3_NLCA1_PLR5_SS0_SRVW4_SVW4_VW1_WG32_8_1, Cijk_Ailk_Bljk_HHS_BH_MT64x384x32_MI32x32x8x1_SN_1LDSB1_GRVW2_K1_LPB8_LRVW8_MIWT2_3_NLCA1_PLR5_SS0_SRVW4_SVW4_VW1_WG32_8_1, Cijk_Ailk_Bljk_HHS_BH_MT64x384x32_MI32x32x8x1_SN_1LDSB1_GRVW4_K1_LPB8_LRVW8_MIWT2_3_NLCA1_PLR5_SS0_SRVW4_SVW4_VW1_WG32_8_1, Cijk_Ailk_Bljk_HHS_BH_MT64x384x64_MI32x32x8x1_SN_1LDSB1_GRVW8_K1_LPB8_LRVW4_MIWT2_3_NLCA1_PLR1_SS0_SRVW4_SVW4_VW1_WG32_8_1, Cijk_Ailk_Bljk_HHS_BH_MT64x384x64_MI32x32x8x1_SN_1LDSB1_GRVW2_K1_LPB4_LRVW4_MIWT2_3_NLCA1_PLR1_SS0_SRVW4_SVW4_VW1_WG32_8_1, Cijk_Ailk_Bljk_HHS_BH_MT64x384x64_MI32x32x8x1_SN_1LDSB1_GRVW4_K1_LPB4_LRVW4_MIWT2_3_NLCA1_PLR1_SS0_SRVW4_SVW4_VW1_WG32_8_1, Cijk_Ailk_Bljk_HHS_BH_MT64x384x64_MI32x32x8x1_SN_1LDSB1_GRVW8_K1_LPB8_LRVW4_MIWT2_3_NLCA1_PLR9_SS0_SRVW4_SVW4_VW1_WG32_8_1, Cijk_Ailk_Bljk_HHS_BH_MT64x384x64_MI32x32x8x1_SN_1LDSB1_GRVW2_K1_LPB4_LRVW4_MIWT2_3_NLCA1_PLR9_SS0_SRVW4_SVW4_VW1_WG32_8_1, Cijk_Ailk_Bljk_HHS_BH_MT64x384x64_MI32x32x8x1_SN_1LDSB1_GRVW4_K1_LPB4_LRVW4_MIWT2_3_NLCA1_PLR9_SS0_SRVW4_SVW4_VW1_WG32_8_1, Cijk_Ailk_Bljk_HHS_BH_MT64x384x64_MI32x32x8x1_SN_1LDSB1_GRVW8_K1_LPB8_LRVW8_MIWT2_3_NLCA1_PLR9_SS0_SRVW4_SVW4_VW1_WG32_8_1, Cijk_Ailk_Bljk_HHS_BH_MT64x384x64_MI32x32x8x1_SN_1LDSB1_GRVW2_K1_LPB8_LRVW8_MIWT2_3_NLCA1_PLR9_SS0_SRVW4_SVW4_VW1_WG32_8_1, Cijk_Ailk_Bljk_HHS_BH_MT64x384x64_MI32x32x8x1_SN_1LDSB1_GRVW4_K1_LPB8_LRVW8_MIWT2_3_NLCA1_PLR9_SS0_SRVW4_SVW4_VW1_WG32_8_1, Cijk_Ailk_Bljk_HHS_BH_MT64x384x16_MI32x32x8x1_SN_1LDSB0_GRVW4_K1_LPB4_LRVW4_MIWT2_3_NLCA1_PLR1_SS1_SRVW0_SVW2_VW2_WG32_8_1, Cijk_Ailk_Bljk_HHS_BH_MT64x384x16_MI32x32x8x1_SN_1LDSB0_GRVW2_K1_LPB4_LRVW4_MIWT2_3_NLCA1_PLR1_SS1_SRVW0_SVW2_VW2_WG32_8_1, Cijk_Ailk_Bljk_HHS_BH_MT64x384x16_MI32x32x8x1_SN_1LDSB0_GRVW8_K1_LPB8_LRVW4_MIWT2_3_NLCA1_PLR1_SS1_SRVW0_SVW2_VW2_WG32_8_1, Cijk_Ailk_Bljk_HHS_BH_MT64x384x16_MI32x32x8x1_SN_1LDSB0_GRVW4_K1_LPB4_LRVW4_MIWT2_3_NLCA1_PLR3_SS1_SRVW0_SVW2_VW2_WG32_8_1, Cijk_Ailk_Bljk_HHS_BH_MT64x384x16_MI32x32x8x1_SN_1LDSB0_GRVW2_K1_LPB4_LRVW4_MIWT2_3_NLCA1_PLR3_SS1_SRVW0_SVW2_VW2_WG32_8_1, Cijk_Ailk_Bljk_HHS_BH_MT64x384x16_MI32x32x8x1_SN_1LDSB0_GRVW8_K1_LPB8_LRVW4_MIWT2_3_NLCA1_PLR3_SS1_SRVW0_SVW2_VW2_WG32_8_1, Cijk_Ailk_Bljk_HHS_BH_MT96x64x16_MI32x32x8x1_SN_1LDSB0_GRVW4_K1_LPB4_LRVW4_MIWT3_1_NLCA3_PLR1_SS1_SRVW0_SVW1_VW1_WG32_4_1, Cijk_Ailk_Bljk_HHS_BH_MT96x64x16_MI32x32x8x1_SN_1LDSB0_GRVW2_K1_LPB4_LRVW4_MIWT3_1_NLCA3_PLR1_SS1_SRVW0_SVW1_VW1_WG32_4_1, Cijk_Ailk_Bljk_HHS_BH_MT96x64x16_MI32x32x8x1_SN_1LDSB0_GRVW4_K1_LPB4_LRVW4_MIWT3_1_NLCA3_PLR3_SS1_SRVW0_SVW1_VW1_WG32_4_1, Cijk_Ailk_Bljk_HHS_BH_MT96x64x16_MI32x32x8x1_SN_1LDSB0_GRVW2_K1_LPB4_LRVW4_MIWT3_1_NLCA3_PLR3_SS1_SRVW0_SVW1_VW1_WG32_4_1, Cijk_Ailk_Bljk_HHS_BH_MT64x384x16_MI32x32x8x1_SN_1LDSB1_GRVW4_K1_LPB4_LRVW4_MIWT2_3_NLCA1_PLR1_SS1_SRVW0_SVW2_VW2_WG32_8_1, Cijk_Ailk_Bljk_HHS_BH_MT64x384x16_MI32x32x8x1_SN_1LDSB1_GRVW2_K1_LPB4_LRVW4_MIWT2_3_NLCA1_PLR1_SS1_SRVW0_SVW2_VW2_WG32_8_1, Cijk_Ailk_Bljk_HHS_BH_MT64x384x16_MI32x32x8x1_SN_1LDSB1_GRVW8_K1_LPB8_LRVW4_MIWT2_3_NLCA1_PLR1_SS1_SRVW0_SVW2_VW2_WG32_8_1, Cijk_Ailk_Bljk_HHS_BH_MT64x384x16_MI32x32x8x1_SN_1LDSB1_GRVW4_K1_LPB4_LRVW4_MIWT2_3_NLCA1_PLR3_SS1_SRVW0_SVW2_VW2_WG32_8_1, Cijk_Ailk_Bljk_HHS_BH_MT64x384x16_MI32x32x8x1_SN_1LDSB1_GRVW2_K1_LPB4_LRVW4_MIWT2_3_NLCA1_PLR3_SS1_SRVW0_SVW2_VW2_WG32_8_1, Cijk_Ailk_Bljk_HHS_BH_MT64x384x16_MI32x32x8x1_SN_1LDSB1_GRVW8_K1_LPB8_LRVW4_MIWT2_3_NLCA1_PLR3_SS1_SRVW0_SVW2_VW2_WG32_8_1, Cijk_Ailk_Bljk_HHS_BH_MT64x384x32_MI32x32x8x1_SN_1LDSB0_GRVW8_K1_LPB8_LRVW4_MIWT2_3_NLCA1_PLR1_SS1_SRVW0_SVW2_VW2_WG32_8_1, Cijk_Ailk_Bljk_HHS_BH_MT64x384x32_MI32x32x8x1_SN_1LDSB0_GRVW2_K1_LPB4_LRVW4_MIWT2_3_NLCA1_PLR1_SS1_SRVW0_SVW2_VW2_WG32_8_1, Cijk_Ailk_Bljk_HHS_BH_MT64x384x32_MI32x32x8x1_SN_1LDSB0_GRVW4_K1_LPB4_LRVW4_MIWT2_3_NLCA1_PLR1_SS1_SRVW0_SVW2_VW2_WG32_8_1, Cijk_Ailk_Bljk_HHS_BH_MT64x384x32_MI32x32x8x1_SN_1LDSB0_GRVW8_K1_LPB8_LRVW4_MIWT2_3_NLCA1_PLR5_SS1_SRVW0_SVW2_VW2_WG32_8_1, Cijk_Ailk_Bljk_HHS_BH_MT64x384x32_MI32x32x8x1_SN_1LDSB0_GRVW2_K1_LPB4_LRVW4_MIWT2_3_NLCA1_PLR5_SS1_SRVW0_SVW2_VW2_WG32_8_1, Cijk_Ailk_Bljk_HHS_BH_MT64x384x32_MI32x32x8x1_SN_1LDSB0_GRVW4_K1_LPB4_LRVW4_MIWT2_3_NLCA1_PLR5_SS1_SRVW0_SVW2_VW2_WG32_8_1, Cijk_Ailk_Bljk_HHS_BH_MT64x384x32_MI32x32x8x1_SN_1LDSB0_GRVW8_K1_LPB8_LRVW8_MIWT2_3_NLCA1_PLR5_SS1_SRVW0_SVW2_VW2_WG32_8_1, Cijk_Ailk_Bljk_HHS_BH_MT64x384x32_MI32x32x8x1_SN_1LDSB0_GRVW2_K1_LPB8_LRVW8_MIWT2_3_NLCA1_PLR5_SS1_SRVW0_SVW2_VW2_WG32_8_1, Cijk_Ailk_Bljk_HHS_BH_MT64x384x32_MI32x32x8x1_SN_1LDSB0_GRVW4_K1_LPB8_LRVW8_MIWT2_3_NLCA1_PLR5_SS1_SRVW0_SVW2_VW2_WG32_8_1, Cijk_Ailk_Bljk_HHS_BH_MT96x64x32_MI32x32x8x1_SN_1LDSB0_GRVW8_K1_LPB8_LRVW4_MIWT3_1_NLCA3_PLR1_SS1_SRVW0_SVW1_VW1_WG32_4_1, Cijk_Ailk_Bljk_HHS_BH_MT96x64x32_MI32x32x8x1_SN_1LDSB0_GRVW2_K1_LPB4_LRVW4_MIWT3_1_NLCA3_PLR1_SS1_SRVW0_SVW1_VW1_WG32_4_1, Cijk_Ailk_Bljk_HHS_BH_MT96x64x32_MI32x32x8x1_SN_1LDSB0_GRVW4_K1_LPB4_LRVW4_MIWT3_1_NLCA3_PLR1_SS1_SRVW0_SVW1_VW1_WG32_4_1, Cijk_Ailk_Bljk_HHS_BH_MT96x64x32_MI32x32x8x1_SN_1LDSB0_GRVW8_K1_LPB8_LRVW4_MIWT3_1_NLCA3_PLR5_SS1_SRVW0_SVW1_VW1_WG32_4_1, Cijk_Ailk_Bljk_HHS_BH_MT96x64x32_MI32x32x8x1_SN_1LDSB0_GRVW2_K1_LPB4_LRVW4_MIWT3_1_NLCA3_PLR5_SS1_SRVW0_SVW1_VW1_WG32_4_1, Cijk_Ailk_Bljk_HHS_BH_MT96x64x32_MI32x32x8x1_SN_1LDSB0_GRVW4_K1_LPB4_LRVW4_MIWT3_1_NLCA3_PLR5_SS1_SRVW0_SVW1_VW1_WG32_4_1, Cijk_Ailk_Bljk_HHS_BH_MT96x64x32_MI32x32x8x1_SN_1LDSB0_GRVW8_K1_LPB8_LRVW8_MIWT3_1_NLCA3_PLR5_SS1_SRVW0_SVW1_VW1_WG32_4_1, Cijk_Ailk_Bljk_HHS_BH_MT96x64x32_MI32x32x8x1_SN_1LDSB0_GRVW2_K1_LPB8_LRVW8_MIWT3_1_NLCA3_PLR5_SS1_SRVW0_SVW1_VW1_WG32_4_1, Cijk_Ailk_Bljk_HHS_BH_MT96x64x32_MI32x32x8x1_SN_1LDSB0_GRVW4_K1_LPB8_LRVW8_MIWT3_1_NLCA3_PLR5_SS1_SRVW0_SVW1_VW1_WG32_4_1, Cijk_Ailk_Bljk_HHS_BH_MT64x384x32_MI32x32x8x1_SN_1LDSB1_GRVW8_K1_LPB8_LRVW4_MIWT2_3_NLCA1_PLR1_SS1_SRVW0_SVW2_VW2_WG32_8_1, Cijk_Ailk_Bljk_HHS_BH_MT64x384x32_MI32x32x8x1_SN_1LDSB1_GRVW2_K1_LPB4_LRVW4_MIWT2_3_NLCA1_PLR1_SS1_SRVW0_SVW2_VW2_WG32_8_1, Cijk_Ailk_Bljk_HHS_BH_MT64x384x32_MI32x32x8x1_SN_1LDSB1_GRVW4_K1_LPB4_LRVW4_MIWT2_3_NLCA1_PLR1_SS1_SRVW0_SVW2_VW2_WG32_8_1, Cijk_Ailk_Bljk_HHS_BH_MT64x384x32_MI32x32x8x1_SN_1LDSB1_GRVW8_K1_LPB8_LRVW4_MIWT2_3_NLCA1_PLR5_SS1_SRVW0_SVW2_VW2_WG32_8_1, Cijk_Ailk_Bljk_HHS_BH_MT64x384x32_MI32x32x8x1_SN_1LDSB1_GRVW2_K1_LPB4_LRVW4_MIWT2_3_NLCA1_PLR5_SS1_SRVW0_SVW2_VW2_WG32_8_1, Cijk_Ailk_Bljk_HHS_BH_MT64x384x32_MI32x32x8x1_SN_1LDSB1_GRVW4_K1_LPB4_LRVW4_MIWT2_3_NLCA1_PLR5_SS1_SRVW0_SVW2_VW2_WG32_8_1, Cijk_Ailk_Bljk_HHS_BH_MT64x384x32_MI32x32x8x1_SN_1LDSB1_GRVW8_K1_LPB8_LRVW8_MIWT2_3_NLCA1_PLR5_SS1_SRVW0_SVW2_VW2_WG32_8_1, Cijk_Ailk_Bljk_HHS_BH_MT64x384x32_MI32x32x8x1_SN_1LDSB1_GRVW2_K1_LPB8_LRVW8_MIWT2_3_NLCA1_PLR5_SS1_SRVW0_SVW2_VW2_WG32_8_1, Cijk_Ailk_Bljk_HHS_BH_MT64x384x32_MI32x32x8x1_SN_1LDSB1_GRVW4_K1_LPB8_LRVW8_MIWT2_3_NLCA1_PLR5_SS1_SRVW0_SVW2_VW2_WG32_8_1, Cijk_Ailk_Bljk_HHS_BH_MT96x64x32_MI32x32x8x1_SN_1LDSB1_GRVW8_K1_LPB8_LRVW8_MIWT3_1_NLCA3_PLR5_SS1_SRVW0_SVW1_VW1_WG32_4_1, Cijk_Ailk_Bljk_HHS_BH_MT96x64x32_MI32x32x8x1_SN_1LDSB1_GRVW2_K1_LPB8_LRVW8_MIWT3_1_NLCA3_PLR5_SS1_SRVW0_SVW1_VW1_WG32_4_1, Cijk_Ailk_Bljk_HHS_BH_MT96x64x32_MI32x32x8x1_SN_1LDSB1_GRVW4_K1_LPB8_LRVW8_MIWT3_1_NLCA3_PLR5_SS1_SRVW0_SVW1_VW1_WG32_4_1, Cijk_Ailk_Bljk_HHS_BH_MT96x64x64_MI32x32x8x1_SN_1LDSB0_GRVW8_K1_LPB8_LRVW4_MIWT3_1_NLCA3_PLR1_SS1_SRVW0_SVW1_VW1_WG32_4_1, Cijk_Ailk_Bljk_HHS_BH_MT96x64x64_MI32x32x8x1_SN_1LDSB0_GRVW2_K1_LPB4_LRVW4_MIWT3_1_NLCA3_PLR1_SS1_SRVW0_SVW1_VW1_WG32_4_1, Cijk_Ailk_Bljk_HHS_BH_MT96x64x64_MI32x32x8x1_SN_1LDSB0_GRVW4_K1_LPB4_LRVW4_MIWT3_1_NLCA3_PLR1_SS1_SRVW0_SVW1_VW1_WG32_4_1, Cijk_Ailk_Bljk_HHS_BH_MT96x64x64_MI32x32x8x1_SN_1LDSB0_GRVW8_K1_LPB8_LRVW4_MIWT3_1_NLCA3_PLR9_SS1_SRVW0_SVW1_VW1_WG32_4_1, Cijk_Ailk_Bljk_HHS_BH_MT96x64x64_MI32x32x8x1_SN_1LDSB0_GRVW2_K1_LPB4_LRVW4_MIWT3_1_NLCA3_PLR9_SS1_SRVW0_SVW1_VW1_WG32_4_1, Cijk_Ailk_Bljk_HHS_BH_MT96x64x64_MI32x32x8x1_SN_1LDSB0_GRVW4_K1_LPB4_LRVW4_MIWT3_1_NLCA3_PLR9_SS1_SRVW0_SVW1_VW1_WG32_4_1, Cijk_Ailk_Bljk_HHS_BH_MT96x64x64_MI32x32x8x1_SN_1LDSB0_GRVW8_K1_LPB8_LRVW8_MIWT3_1_NLCA3_PLR9_SS1_SRVW0_SVW1_VW1_WG32_4_1, Cijk_Ailk_Bljk_HHS_BH_MT96x64x64_MI32x32x8x1_SN_1LDSB0_GRVW2_K1_LPB8_LRVW8_MIWT3_1_NLCA3_PLR9_SS1_SRVW0_SVW1_VW1_WG32_4_1, Cijk_Ailk_Bljk_HHS_BH_MT96x64x64_MI32x32x8x1_SN_1LDSB0_GRVW4_K1_LPB8_LRVW8_MIWT3_1_NLCA3_PLR9_SS1_SRVW0_SVW1_VW1_WG32_4_1, Cijk_Ailk_Bljk_HHS_BH_MT64x384x64_MI32x32x8x1_SN_1LDSB1_GRVW8_K1_LPB8_LRVW4_MIWT2_3_NLCA1_PLR1_SS1_SRVW0_SVW2_VW2_WG32_8_1, Cijk_Ailk_Bljk_HHS_BH_MT64x384x64_MI32x32x8x1_SN_1LDSB1_GRVW2_K1_LPB4_LRVW4_MIWT2_3_NLCA1_PLR1_SS1_SRVW0_SVW2_VW2_WG32_8_1, Cijk_Ailk_Bljk_HHS_BH_MT64x384x64_MI32x32x8x1_SN_1LDSB1_GRVW4_K1_LPB4_LRVW4_MIWT2_3_NLCA1_PLR1_SS1_SRVW0_SVW2_VW2_WG32_8_1, Cijk_Ailk_Bljk_HHS_BH_MT64x384x64_MI32x32x8x1_SN_1LDSB1_GRVW8_K1_LPB8_LRVW4_MIWT2_3_NLCA1_PLR9_SS1_SRVW0_SVW2_VW2_WG32_8_1, Cijk_Ailk_Bljk_HHS_BH_MT64x384x64_MI32x32x8x1_SN_1LDSB1_GRVW2_K1_LPB4_LRVW4_MIWT2_3_NLCA1_PLR9_SS1_SRVW0_SVW2_VW2_WG32_8_1, Cijk_Ailk_Bljk_HHS_BH_MT64x384x64_MI32x32x8x1_SN_1LDSB1_GRVW4_K1_LPB4_LRVW4_MIWT2_3_NLCA1_PLR9_SS1_SRVW0_SVW2_VW2_WG32_8_1, Cijk_Ailk_Bljk_HHS_BH_MT64x384x64_MI32x32x8x1_SN_1LDSB1_GRVW8_K1_LPB8_LRVW8_MIWT2_3_NLCA1_PLR9_SS1_SRVW0_SVW2_VW2_WG32_8_1, Cijk_Ailk_Bljk_HHS_BH_MT64x384x64_MI32x32x8x1_SN_1LDSB1_GRVW2_K1_LPB8_LRVW8_MIWT2_3_NLCA1_PLR9_SS1_SRVW0_SVW2_VW2_WG32_8_1, Cijk_Ailk_Bljk_HHS_BH_MT64x384x64_MI32x32x8x1_SN_1LDSB1_GRVW4_K1_LPB8_LRVW8_MIWT2_3_NLCA1_PLR9_SS1_SRVW0_SVW2_VW2_WG32_8_1, Cijk_Ailk_Bljk_HHS_BH_MT96x64x64_MI32x32x8x1_SN_1LDSB1_GRVW8_K1_LPB8_LRVW4_MIWT3_1_NLCA3_PLR9_SS1_SRVW0_SVW1_VW1_WG32_4_1, Cijk_Ailk_Bljk_HHS_BH_MT96x64x64_MI32x32x8x1_SN_1LDSB1_GRVW2_K1_LPB4_LRVW4_MIWT3_1_NLCA3_PLR9_SS1_SRVW0_SVW1_VW1_WG32_4_1, Cijk_Ailk_Bljk_HHS_BH_MT96x64x64_MI32x32x8x1_SN_1LDSB1_GRVW4_K1_LPB4_LRVW4_MIWT3_1_NLCA3_PLR9_SS1_SRVW0_SVW1_VW1_WG32_4_1, Cijk_Ailk_Bljk_HHS_BH_MT96x64x64_MI32x32x8x1_SN_1LDSB1_GRVW8_K1_LPB8_LRVW8_MIWT3_1_NLCA3_PLR9_SS1_SRVW0_SVW1_VW1_WG32_4_1, Cijk_Ailk_Bljk_HHS_BH_MT96x64x64_MI32x32x8x1_SN_1LDSB1_GRVW2_K1_LPB8_LRVW8_MIWT3_1_NLCA3_PLR9_SS1_SRVW0_SVW1_VW1_WG32_4_1, Cijk_Ailk_Bljk_HHS_BH_MT96x64x64_MI32x32x8x1_SN_1LDSB1_GRVW4_K1_LPB8_LRVW8_MIWT3_1_NLCA3_PLR9_SS1_SRVW0_SVW1_VW1_WG32_4_1
0, 1104, 1335, 1, 4608, 1104, 1104, 1104, 4608, 13582909440, 2.29091, 0.726918, 74808.7, 181.569, 173, Cijk_Ailk_Bljk_HHS_BH_MT96x64x64_MI32x32x8x1_SN_1LDSB1_GRVW8_K1_LPB8_LRVW4_MIWT3_1_NLCA3_PLR9_SS1_SRVW0_SVW1_VW1_WG32_4_1, 32672.5, 31820.1, 33147, 33377.7, 32186.9, 33734.5, 53937.9, 51515.8, 54418.5, 51556.5, 32502.3, 32158.8, 32221.1, 33380.3, 31408.1, 34235.1, 45007.3, 44556.2, 44173.6, 46698.3, 46483.5, 44493.1, 45431.3, 44971.6, 44395.4, 59320, 54653.2, 57785.6, 60568.6, 54196.1, 55078.7, 60301.8, 53438.8, 57907.8, 47743.6, 39968.4, 40916.2, 47921.5, 40792.3, 43608.6, 44120.8, 40074, 43103.8, 67767.9, 67562.9, 63386, 60400.5, 55532.7, 58855.3, 60357.5, 55580, 58982, 60663.7, 56411, 59783.7, 55136, 48800.2, 48177.1, 54251.6, 50357.6, 48873.3, 56239.1, 48926.8, 48649.2, 74135.8, 70602.9, 66682, 73967.8, 70643.9, 66839.5, 33372.4, 32765.8, 32756.9, 33228.8, 31741.6, 32575.9, 33006.5, 32892.7, 32593.4, 33654.3, 33122.4, 33430.3, 46626.5, 46842.6, 43992.8, 44251.9, 45648.7, 44696.9, 45062.3, 47479.2, 44022.4, 47241.4, 39987.2, 41202.1, 46376.9, 42606.2, 43933.6, 44132.3, 41286.3, 43007.7, 54751.9, 48551.8, 48207.2, 54199.6, 49233.2, 48738.6, 55449.3, 49020, 48410.6, 34246.2, 32568.4, 32044.7, 33784.2, 32491.1, 32602.2, 53121.1, 51846.1, 54020.3, 50971.4, 33594.3, 33095.3, 33694.3, 34715.3, 32001.2, 32282.3, 45975, 47217.8, 44001.9, 43992.8, 47149.6, 44033.8, 43472.4, 46739.4, 44855.1, 55554.5, 52889.4, 56994.2, 57613.1, 53034.8, 55276, 60447.8, 53658.3, 54684.9, 47238.8, 39979.7, 42531.5, 43804.4, 43055.7, 42808.2, 47136.5, 40645.8, 43465.7, 67903.4, 68274.8, 64074.9, 60737.5, 55623.7, 59262, 60720.2, 55880, 59216.6, 60942.5, 56625.4, 60058.6, 54822.6, 48604.6, 47918.7, 53951.6, 49560.9, 48705, 55402.2, 49284.7, 48410.6, 74808.7, 71183, 68473, 74415.2, 71308.6, 68324.3
1, 1104, 1408, 1, 4608, 1104, 1104, 1104, 4608, 14325645312, 2.4, 0.766667, 77795.6, 184.145, 173, Cijk_Ailk_Bljk_HHS_BH_MT96x64x64_MI32x32x8x1_SN_1LDSB1_GRVW8_K1_LPB8_LRVW4_MIWT3_1_NLCA3_PLR9_SS1_SRVW0_SVW1_VW1_WG32_4_1, 34858.8, 34517.5, 33001, 33817.4, 34333.5, 34012.7, 55529, 52046.1, 52024.9, 51168.7, 34829, 33522.4, 33809.7, 35322.3, 33099.8, 34190.6, 45929.5, 49395.9, 46326.3, 46400.8, 48776.9, 45995.5, 46894.1, 46204.4, 47874.5, 57623.2, 55122.2, 58041.6, 60139, 54388.9, 58649.9, 58819.4, 57910.2, 57460.5, 50266.6, 42273.3, 43358.3, 50005.6, 45153.5, 45313.5, 45950.7, 42417.5, 45851.9, 70461.1, 69867.3, 66455.1, 63648.9, 58603.8, 62039.2, 63392, 58646, 62052.1, 63812.2, 59467.9, 62986.2, 57693.7, 51453.9, 50814.4, 56985.1, 52885.3, 51584.3, 57951.4, 51889.3, 51590.3, 77358.6, 73473.6, 69396.1, 77311.9, 73275.2, 69096.3, 35144.8, 33843, 33362.5, 34554.8, 32820.7, 33421, 35034.8, 34610.9, 34950, 36851.7, 33912.2, 34864.3, 47022.2, 47612.3, 46237.8, 47871.9, 47820.8, 45627.5, 46849.9, 47215.6, 46752.1, 49656.1, 41923, 43782.4, 46747.2, 44010.5, 46197.3, 49658.9, 42599.2, 45295.1, 57379.4, 51350.6, 50903.9, 56847.6, 52271, 51643.8, 57207.2, 51602.2, 51303.5, 34857.5, 33507.3, 32724.8, 33725.7, 33980.4, 34861.5, 54748, 51964.6, 54567.9, 51961.5, 35047.1, 33854.5, 33681.3, 35078.7, 33807.2, 33398.6, 47685.8, 48162.9, 46567.3, 47032.1, 46613.3, 46688.7, 46747.2, 46810.7, 45080.8, 58000.2, 55504.9, 58207.6, 58943.3, 54959.8, 58113.1, 58819.4, 54395.5, 55095, 50193.4, 41862.2, 42694.6, 47243, 43883.2, 45873, 46473, 42247.4, 45516.2, 68894.2, 70767.4, 66376.2, 63903.3, 58807.9, 62315.5, 63835, 58854.2, 62328.5, 64118.4, 59646.2, 63235.3, 57353.7, 51324.1, 51139.4, 56653.3, 51964.6, 51826.2, 57214.5, 51799.2, 51224.3, 77795.6, 73922.5, 69530.9, 77231.9, 74099.9, 70146.4
2, 4608, 1, 1, 320, 4608, 4608, 4608, 320, 2949120, 0.436364, 0.00340909, 299.218, 9.8561, 52, Cijk_Ailk_Bljk_HHS_BH_MT96x64x64_MI32x32x8x1_SN_1LDSB0_GRVW8_K1_LPB8_LRVW8_MIWT3_1_NLCA3_PLR9_SS0_SRVW0_SVW4_VW1_WG32_4_1, 179.824, 159.17, 190.806, 179.124, 159.309, 191.402, 250.095, 233.021, 249.079, 233.315, 179.999, 160.417, 189.046, 182.675, 159.584, 181.238, 191.402, 178.605, 186.369, 183.585, 180.882, 185.245, 190.609, 181.596, 187.127, 297.29, 261.444, 282.266, 297.29, 260.705, 282.699, 297.768, 262.188, 284.444, 180.706, 152.204, 158.35, 184.32, 156.468, 164.131, 181.417, 155.938, 163.548, 279.694, 247.078, 269.474, 295.382, 273.876, 291.185, 296.331, 273.469, 262.191, 299.218, 274.692, 291.646, 168.946, 154.5, 149.125, 165.013, 156.468, 150.587, 172.1, 154.76, 150.587, 280.976, 249.418, 264.069, 280.973, 249.754, 264.828, 172.423, 154.5, 183.038, 173.07, 154.371, 183.22, 170.982, 153.856, 180.175, 175.042, 153.728, 172.583, 183.585, 173.233, 178.95, 176.551, 174.379, 179.125, 184.503, 175.208, 178.778, 173.395, 148.166, 153.984, 176.551, 152.204, 159.86, 175.543, 151.081, 156.335, 164.131, 147.81, 144.564, 159.86, 151.329, 146.634, 166.054, 150.342, 145.707, 160.277, 145.822, 168.482, 160.557, 145.477, 168.636, 221.803, 211.617, 223.688, 209.93, 161.259, 146.751, 169.255, 165.161, 145.822, 163.84, 169.411, 161.825, 167.259, 163.548, 163.115, 166.804, 169.723, 163.548, 166.654, 257.788, 231.847, 247.076, 257.79, 230.4, 248.745, 259.972, 230.976, 248.408, 161.4, 139.424, 145.019, 164.571, 143.775, 150.342, 162.396, 142.552, 147.929, 249.418, 223.689, 239.066, 258.874, 240.625, 253.882, 257.79, 240, 253.535, 259.603, 242.524, 254.936, 153.344, 137.654, 134.148, 147.692, 138.69, 137.142, 155.021, 138.795, 135.929, 246.417, 221.803, 233.61, 245.758, 222.338, 234.502
3, 4608, 16, 1, 320, 4608, 4608, 4608, 320, 47185920, 0.436364, 0.0545455, 4608, 10.24, 52, Cijk_Ailk_Bljk_HHS_BH_MT96x64x64_MI32x32x8x1_SN_1LDSB0_GRVW8_K1_LPB8_LRVW8_MIWT3_1_NLCA3_PLR9_SS0_SRVW0_SVW4_VW1_WG32_4_1, 2827.54, 2524.92, 3049.74, 2846.62, 2527.1, 3030.96, 3875.32, 3631.92, 3890.63, 3609.67, 2865.99, 2551.13, 3003.18, 2928.62, 2524.92, 2888.44, 3034.05, 2843.88, 2943.23, 2919.92, 2868.78, 2946.16, 3024.72, 2879.98, 2943.22, 4600.77, 4045.43, 4382.05, 4600.77, 4045.43, 4395.07, 4600.81, 4034.36, 4382.01, 2871.57, 2421.27, 2512.01, 2911.26, 2497.12, 2614.45, 2879.98, 2474.08, 2593.77, 4299.01, 3870.24, 4183.11, 4579.38, 4243.34, 4481.9, 4565.2, 4213.03, 4454.82, 4608, 4255.58, 4488.72, 2673.73, 2427.25, 2366.87, 2609.83, 2467.88, 2399.6, 2720.59, 2447.39, 2389.89, 4286.51, 3850.03, 4095.96, 4336.9, 3870.24, 4096, 2761.35, 2474.08, 2928.6, 2756.19, 2465.81, 2937.35, 2728.12, 2469.94, 2871.57, 2814.03, 2451.47, 2758.75, 2937.35, 2771.71, 2863.22, 2827.54, 2787.43, 2868.78, 2949.1, 2795.37, 2866.01, 2782.17, 2364.96, 2465.81, 2830.23, 2445.37, 2559.99, 2811.35, 2405.48, 2505.61, 2607.53, 2359.28, 2314.84, 2546.74, 2397.65, 2353.64, 2640.2, 2391.81, 2325.79, 2573.39, 2331.31, 2698.19, 2571.15, 2336.85, 2703.12, 3605.25, 3417.29, 3618.55, 3417.29, 2584.67, 2357.4, 2723.1, 2652.07, 2336.85, 2633.14, 2715.56, 2593.76, 2683.46, 2616.77, 2614.45, 2693.26, 2725.6, 2633.13, 2681.02, 4207.02, 3747.29, 4017.84, 4219.02, 3742.54, 4050.99, 4219.02, 3752.03, 4045.43, 2584.67, 2239.26, 2322.13, 2630.79, 2302.19, 2411.38, 2602.92, 2280.84, 2366.86, 4028.82, 3592.08, 3911.27, 4207.02, 3895.8, 4107.41, 4200.99, 3906.09, 4084.62, 4213.03, 3911.3, 4136.21, 2445.36, 2191.03, 2155.78, 2357.4, 2209.07, 2200.83, 2474.09, 2199.18, 2176.46, 3953.24, 3596.49, 3785.75, 3979.89, 3583.35, 3790.61
4, 4608, 1335, 1, 320, 4608, 4608, 4608, 320, 3937075200, 2.61818, 0.758523, 76157.9, 51.6962, 94, Cijk_Ailk_Bljk_HHS_BH_MT64x384x32_MI32x32x8x1_SN_1LDSB1_GRVW8_K1_LPB8_LRVW4_MIWT2_3_NLCA1_PLR5_SS0_SRVW4_SVW4_VW1_WG32_8_1, 38977.7, 39276.3, 39535.1, 39592.3, 39414.7, 39675.3, 44240.6, 45017.6, 44448.4, 45017.6, 38775, 38744.5, 38079, 39058.1, 38805.6, 37897.1, 45830.9, 44304.3, 44829, 46010.9, 44384.2, 44698.7, 45762.7, 44019, 44796.4, 49105.2, 46079.8, 47338.7, 48997.6, 46010.9, 47402.5, 48697.1, 46140.3, 47595, 47320.4, 45075.3, 46375.1, 47733.5, 45899.3, 47040, 47678, 45643.9, 46647.6, 51618.7, 50745.8, 50258.6, 36830.8, 34304.5, 36111.8, 36836.3, 34328.4, 36037.8, 37047, 34589, 36244.9, 43459.3, 40023.8, 39919.9, 42668, 40259.5, 40618.4, 42675.4, 40004.3, 39707.3, 51978.5, 48929.5, 49560.2, 52110.6, 48978.2, 49700.3, 55147.1, 55721.5, 52143.7, 55060.7, 55797.3, 52555.8, 54044.8, 54487.6, 54044.8, 53808.5, 54104.3, 53667.7, 75111.8, 72117.9, 72457.7, 73738.8, 72160.2, 72266.2, 74430.2, 71970.3, 72138.9, 75043.1, 71302.9, 71364.8, 76157.9, 72457.7, 72671.7, 75434.2, 72329.9, 72308.6, 68105.7, 61841.2, 60532.9, 66342.9, 62916.5, 61225.7, 68714.4, 62532.7, 61256.2, 53973.7, 54766.6, 51586.2, 54355.2, 54056.7, 51189.1, 54199.7, 56372.5, 54343.2, 56684.2, 54367.3, 54705.7, 54815.4, 54901, 55420.3, 54367.3, 75411.1, 71014.8, 71530.9, 73474.6, 71220.3, 71718.5, 74678.7, 71035.3, 71427.1, 62500.9, 58811.2, 61013.2, 62516.9, 58895.7, 60577.6, 63126.3, 58994.6, 60952.8, 74633.4, 71076.3, 71739.4, 75180.6, 72308.6, 72585.9, 74678.7, 72033.5, 72650.2, 66993.3, 68542, 66956.8, 47494, 43885.5, 46331.5, 47484.8, 43885.6, 46410, 47493.9, 43948.2, 46541.8, 67286.4, 61028.4, 59986.9, 65165.9, 61950.3, 61317.3, 67526.4, 61516.5, 60607.4, 69294.9, 65652.7, 67712.1, 70324.8, 66414.7, 67693.5
5, 4608, 1408, 1, 320, 4608, 4608, 4608, 320, 4152360960, 2.61818, 0.8, 78666.7, 52.7842, 94, Cijk_Ailk_Bljk_HHS_BH_MT64x384x32_MI32x32x8x1_SN_1LDSB1_GRVW8_K1_LPB8_LRVW4_MIWT2_3_NLCA1_PLR5_SS0_SRVW4_SVW4_VW1_WG32_8_1, 41710.3, 41252.8, 41878.6, 41523.4, 41437.3, 41912.4, 45506.1, 46252.3, 45355.1, 45698.4, 40645.5, 40914.6, 40386.2, 40837.4, 40786, 40123.9, 47531.4, 46071.6, 46634.6, 48050.7, 46055.3, 46351.4, 47470.6, 45835.6, 46211.1, 49754.9, 46559.3, 48211.3, 50071.7, 47271.7, 48301, 49716.7, 47332.1, 48184.5, 48809.7, 46701.7, 48490.6, 49716.8, 47461.8, 49086.7, 48481.5, 47566.3, 48883.3, 52598.6, 52144.2, 51228.1, 37743.1, 35357.1, 36984.7, 37650, 35337.9, 36895.3, 37930.6, 35468.3, 37148.8, 45466.3, 42157.5, 41993.8, 44660.4, 42322.5, 42621.4, 44591.4, 42095.9, 41777.4, 52888, 49114.6, 50168.5, 52534.7, 49555.3, 50392.5, 56862.7, 58123.5, 56368.7, 57403.6, 57928.9, 54613.1, 57941.8, 58622.4, 58136.5, 58240.9, 58385, 57774.1, 77608.1, 73269.7, 74127.9, 76668.1, 73790.5, 74001, 77399.8, 73456.5, 72899.3, 77794.2, 73832.6, 74191.4, 78666.7, 74790.1, 75640.1, 77817.6, 74276.4, 74704, 69745.1, 64365.4, 63174.6, 68277.1, 65010.5, 64174.5, 70733.6, 64621.9, 63608.2, 56417.7, 54809.2, 55240.9, 56664.1, 54078.3, 55991.7, 56332, 57467.1, 56332, 57467.1, 58332.5, 58675.4, 57761.3, 57530.9, 58556.3, 57251.6, 77192.6, 72209.7, 72695.1, 76039.1, 73022.3, 73456.5, 77307.6, 72350.5, 73022.4, 65901.8, 62475.1, 64222.1, 66187.5, 62145.9, 63811.6, 66458.8, 62175.8, 64016.2, 77146.6, 73414.9, 74596.6, 78523.9, 74768.5, 75728.4, 77608.1, 74725.4, 75093.1, 68602.1, 71949.3, 69632.9, 50886.5, 46769.1, 49376.3, 50836.8, 46718.5, 49376.3, 50936.5, 46878.9, 49697.7, 69670.3, 63406.2, 62310.1, 67654.1, 64079.3, 63701.9, 69839, 63890.1, 63220.8, 73022.4, 69187.2, 70008.5, 73518.9, 68838.5, 69316.7
6, 768, 1335, 1, 4608, 768, 768, 768, 4608, 9448980480, 1.52727, 0.758523, 63405.5, 149.025, 140, Cijk_Ailk_Bljk_HHS_BH_MT96x64x32_MI32x32x8x1_SN_1LDSB0_GRVW8_K1_LPB8_LRVW8_MIWT3_1_NLCA3_PLR5_SS1_SRVW0_SVW1_VW1_WG32_4_1, 23951, 23049.8, 24625.1, 23170.1, 23431.2, 24414.4, 50932.2, 54339.2, 50831.4, 54414.3, 23126.5, 22775.1, 23777.4, 23991.8, 22592.2, 25879, 33773.2, 33099.4, 32801.5, 32801.5, 33051.2, 32177.8, 33097.5, 33038.3, 32604.1, 62592.4, 59767.1, 60619.9, 62387.4, 59809.5, 60694.7, 62592.4, 59652.4, 61001.9, 32799.7, 27248.6, 29575.3, 33058.6, 29566.4, 29989.8, 32902, 27646.6, 29757.1, 58477, 54701.6, 54716.8, 61046, 55897.7, 59334.8, 60440, 55929.5, 59388.5, 61008.2, 56735.4, 59448.3, 38122.7, 34152.1, 33270.9, 37417.4, 35558.7, 33634.7, 38505.5, 35043.8, 33274.7, 57926.3, 55555.9, 53280.3, 57542.5, 56115.4, 52639.2, 23333, 22854.4, 22150.7, 23090.4, 22915.6, 22224.9, 22813, 22955.7, 23304.5, 23387.5, 21881.5, 24481.2, 34140.3, 32491.1, 33252.2, 33821.6, 33021.6, 33259.7, 31942.8, 34308.9, 33293.4, 32933.2, 28437.4, 30167.5, 32324, 30102.9, 30136.7, 32602.4, 29778.1, 30224.6, 39669.4, 35137.7, 34193.7, 39022, 36753.7, 34847.4, 40073.2, 36492.5, 34205.6, 23557.3, 23096.7, 24869.8, 23713.4, 23045.3, 25898.3, 51899, 59269.3, 52105.1, 59376.5, 23419.1, 22378.1, 23841.7, 24543.2, 21460, 25333.9, 33604.1, 33295.3, 31724.9, 32442.9, 33592.7, 32907.6, 32455.4, 33586.9, 33389.4, 63147.9, 61267.7, 61401.4, 63087.2, 61446.2, 61261.3, 63405.5, 60682.2, 61567.9, 33678.9, 28112.5, 30159.8, 33924.6, 30156.7, 30756.7, 33434.8, 29942.6, 30193.7, 58785.5, 55228.5, 55048.4, 61657.8, 56566.9, 59779.2, 62177.2, 56104.8, 59610.2, 61242.2, 56976.2, 60058.9, 39983.7, 35449.8, 34014.4, 38949.9, 36678.4, 34716.3, 41013.9, 36667, 34697.9, 57869.5, 55394.3, 52993.4, 57711.2, 55934.7, 52298.9
7, 768, 1408, 1, 4608, 768, 768, 768, 4608, 9965666304, 1.6, 0.8, 68392.6, 145.713, 137, Cijk_Ailk_Bljk_HHS_BH_MT96x64x32_MI32x32x8x1_SN_1LDSB0_GRVW8_K1_LPB8_LRVW4_MIWT3_1_NLCA3_PLR5_SS1_SRVW0_SVW1_VW1_WG32_4_1, 24449.5, 23890.6, 25032.2, 24040, 23950.3, 24020.5, 53652.5, 57037.7, 53615.5, 56897, 23804.8, 23489.7, 24485.1, 25081.6, 23454.3, 26215.4, 35112, 34734.1, 34741.8, 35215.2, 34946.5, 34181.3, 34720.5, 34718.6, 32548.7, 66092.1, 62635.9, 63810.2, 66071, 62914.3, 63816.8, 66015, 62812.8, 64039.9, 34072.8, 28789.1, 30878.6, 35233.1, 31009.2, 31504.9, 34968.1, 29006.3, 31377.9, 61364.7, 57448, 57522.3, 64524.2, 59677.3, 63060.8, 64517.5, 59665.8, 63009.8, 64738.8, 60529.8, 63751.4, 39793.7, 35618, 34745.7, 39259.5, 37600.5, 35447.7, 40189.2, 36705.3, 35025.1, 60807.6, 59206.4, 56234.4, 60600.5, 59608.7, 56016.9, 24584.6, 24399.7, 23461.3, 24323.5, 24459.1, 24199.7, 23600.9, 23368, 23820.2, 24797, 22980.1, 26506.6, 35313, 35822.8, 35267.1, 34056.1, 35074.4, 35207.3, 33295.1, 35859.9, 35127.8, 35040.9, 29943.3, 8257.35, 35377.2, 31681.2, 31807.4, 35223.2, 30080.7, 31875.7, 42036.3, 36907.5, 35953.1, 40993.3, 38693.6, 36443.3, 42241.6, 37974.1, 36279.8, 25417.3, 24286.5, 25342.9, 25579.1, 24292.2, 25293.5, 55305.6, 58837.3, 55286, 58737.4, 25863.8, 23575.9, 25438.1, 26024.8, 23173.3, 28119.7, 35724.2, 35771.4, 35642.4, 35905.4, 35628.2, 35052.7, 36030, 33786.4, 35333.1, 68370.1, 64941.2, 66120.1, 68392.6, 64557.6, 66085.1, 68370.1, 64644.7, 66402.1, 36180.8, 30285.5, 31911.6, 35387.3, 31620, 31433.3, 35157.6, 30325.3, 32560.6, 62908, 59228.9, 59489.2, 67328, 61638, 65274.8, 67328, 61595.3, 65267.9, 67605.7, 62491.4, 66331.4, 41931.6, 38118.2, 36294.6, 41185.7, 38938, 36918.5, 43059.2, 38684, 36599.6, 62946.1, 61286.2, 58026, 62774.8, 61546.6, 57410.9
8, 4608, 1, 1, 768, 4608, 4608, 4608, 768, 7077888, 0.436364, 0.00340909, 413.426, 17.1201, 52, Cijk_Ailk_Bljk_HHS_BH_MT96x64x64_MI32x32x8x1_SN_1LDSB0_GRVW8_K1_LPB8_LRVW8_MIWT3_1_NLCA3_PLR9_SS0_SRVW0_SVW4_VW1_WG32_4_1, 221.738, 191.252, 236.181, 221.405, 196.957, 237.704, 284.48, 278.568, 284.846, 276.825, 220.852, 196.695, 233.193, 225.352, 195.477, 223.643, 246.994, 234.801, 235.301, 234.056, 237.448, 234.677, 247.409, 237.576, 235.301, 394.265, 343.452, 377.769, 392.168, 342.125, 375.204, 394.267, 345.869, 381.023, 230.88, 186.103, 189.046, 237.194, 194.021, 199.175, 232.335, 191.501, 195.91, 372.677, 322.424, 352.483, 413.04, 381.021, 407.71, 412.657, 380.366, 405.47, 413.426, 385.672, 407.712, 203.668, 191.335, 172.732, 198.371, 195.824, 175.752, 206.327, 193.68, 174.987, 376.163, 324.791, 329.386, 377.445, 323.367, 331.857, 218.776, 193.765, 229.681, 218.885, 193.85, 229.562, 217.915, 193.005, 225.123, 222.518, 191.584, 220.083, 241.729, 230.88, 231.848, 230.398, 232.702, 232.092, 242.525, 231.848, 230.398, 224.438, 183.554, 186.417, 232.335, 191.17, 196.171, 227.088, 188.723, 192.92, 200.711, 187.444, 170.01, 195.824, 192.166, 174.228, 204.42, 191.005, 171.726, 210.25, 187.364, 221.405, 210.651, 187.523, 222.295, 275.618, 264.732, 275.962, 264.89, 210.852, 187.285, 221.516, 216.105, 186.025, 215.159, 231.727, 219.21, 220.411, 217.915, 220.302, 220.083, 231.363, 223.757, 219.537, 369.254, 319.167, 344.792, 371.424, 318.02, 347.774, 373.935, 319.398, 350.529, 216.21, 178.23, 180.263, 221.183, 185.868, 188.964, 217.592, 183.403, 186.652, 342.654, 303.614, 325.032, 381.021, 353.61, 373.937, 380.366, 351.642, 372.364, 383.665, 357.612, 374.569, 193.681, 181.149, 164.326, 185.401, 184.396, 168.392, 196.695, 181.446, 166.24, 350.25, 302.783, 308.484, 349.973, 303.823, 309.131
9, 4608, 16, 1, 768, 4608, 4608, 4608, 768, 113246208, 0.436364, 0.0545455, 6493.44, 17.4401, 52, Cijk_Ailk_Bljk_HHS_BH_MT96x64x64_MI32x32x8x1_SN_1LDSB0_GRVW8_K1_LPB8_LRVW8_MIWT3_1_NLCA3_PLR9_SS0_SRVW0_SVW4_VW1_WG32_4_1, 3544.25, 3126.27, 3740.94, 3551.36, 3134.57, 3754.82, 4493.88, 4434.75, 4513.94, 4429.2, 3524.83, 3144.32, 3692.16, 3589.17, 3115.25, 3562.08, 3934.33, 3738.97, 3738.97, 3742.92, 3772.85, 3744.89, 3936.52, 3770.83, 3735.02, 6128.01, 5378.31, 5972.87, 6197.8, 5398.82, 5927.85, 6181.53, 5411.2, 6008.36, 3667.28, 2967.65, 3006.74, 3760.82, 3090.77, 3155.54, 3694.08, 3052.12, 3119.37, 5888.43, 5088.32, 5538.23, 6487.52, 5962.81, 6370.74, 6422.73, 5977.91, 6376.44, 6493.44, 5998.18, 6446.13, 3212.82, 3014.42, 2729.6, 3129.03, 3062.68, 2781.09, 3278.3, 3048.17, 2748.68, 5908.06, 4987.92, 5208.14, 5962.81, 4977.4, 5185.24, 3505.63, 3098.89, 3642.75, 3471.24, 3100.25, 3671.09, 3459.36, 3086.73, 3583.72, 3537.15, 3069.32, 3542.46, 3865.57, 3674.9, 3688.3, 3661.6, 3725.19, 3678.72, 3874.04, 3709.57, 3669.19, 3600.12, 2938.09, 2975.14, 3697.94, 3056.07, 3130.41, 3627.8, 3019.56, 3070.66, 3178.2, 2960.21, 2695.3, 3104.32, 3027.32, 2761.55, 3214.29, 3010.57, 2724.35, 3364, 2996.55, 3554.92, 3360.8, 2995.29, 3553.15, 4407.14, 4279.22, 4443.1, 4276.65, 3376.83, 3008.02, 3538.93, 3461.06, 2980.16, 3445.89, 3701.81, 3498.7, 3567.46, 3517.82, 3461.06, 3521.33, 3701.81, 3574.67, 3514.33, 5947.77, 5121.46, 5590.72, 5937.79, 5121.46, 5644.22, 6003.27, 5136.33, 5666.84, 3466.14, 2850.53, 2879.52, 3565.68, 2965.17, 3033.8, 3488.34, 2936.87, 2985.18, 5512.35, 4888.02, 5246.74, 6112.17, 5689.59, 5982.97, 6112.13, 5680.46, 5983, 6160.01, 5731.05, 6039.12, 3052.12, 2863.21, 2580.33, 2939.31, 2871.34, 2651.88, 3134.57, 2862.05, 2640.01, 5635.23, 4772.66, 4970.41, 5644.22, 4759.82, 4953.04
10, 4608, 1335, 1, 768, 4608, 4608, 4608, 768, 9448980480, 2.61818, 0.758523, 90051.7, 104.928, 146, Cijk_Ailk_Bljk_HHS_BH_MT64x384x32_MI32x32x8x1_SN_1LDSB1_GRVW8_K1_LPB8_LRVW4_MIWT2_3_NLCA1_PLR5_SS1_SRVW0_SVW2_VW2_WG32_8_1, 52349.9, 51798.9, 51455.9, 52419.6, 51658.4, 51451.4, 55378.7, 55739.4, 55223.4, 55913.5, 51246, 50115.3, 50574.6, 50462.2, 50115.3, 50862, 63734, 60744.6, 60669.7, 63120.9, 61090.2, 60638.5, 63439.5, 61064.9, 60409.1, 65486.7, 61305.8, 62758.7, 65247.9, 61293.1, 62738.7, 65247.9, 61433.4, 62745.3, 70104.3, 63501, 64240.1, 69888.6, 64968, 64804, 69822.5, 63871.8, 64478.5, 66926.4, 66812.9, 65089.7, 53701.8, 49941.5, 52401, 53892.9, 50009.2, 52326.7, 53814.4, 50406.2, 53026.8, 61819.2, 57841.2, 56222.3, 60557.7, 58321, 57086.4, 61690.1, 58349.8, 56475, 70751, 67078.5, 67415.4, 71487.5, 67369.2, 67616.1, 63127.6, 62413.7, 63555.6, 62758.7, 62407.2, 63480.5, 62658.8, 61851.6, 62493, 61832.2, 61903.5, 62347.9, 83898.2, 76865.7, 76507.2, 82932, 77006, 76339.1, 83072, 77036.1, 76398.3, 88433.5, 81076.2, 81288.2, 89235.3, 82804.1, 82457.3, 88832.5, 82227.6, 82641.9, 78199, 72953.5, 70096, 76230.7, 74471.5, 71375.2, 79057.4, 73967.8, 70895.4, 61580.7, 61987.9, 63330.7, 61651.4, 62059.5, 63114.1, 62288.6, 63885.6, 61657.9, 63672.1, 62440.2, 62282.1, 62170.6, 61670.7, 61942.4, 61942.4, 84887, 77470.7, 76517.1, 81919.6, 76825.7, 75586.7, 82630.4, 77156.9, 75848.8, 75230.4, 70506, 72213.1, 75509.4, 70565.1, 72890.5, 75335.9, 70388.4, 72684.1, 88367.4, 81523.8, 81165.3, 90051.7, 83553.9, 83271.2, 88939.5, 82827.3, 82920.3, 79099.8, 79269.6, 77046.2, 62249.3, 57525.7, 61001.9, 62599, 57447.4, 60951.5, 62812.1, 58085.9, 61619.2, 78167.9, 72863.5, 69551.2, 76034.4, 74424.6, 70489.3, 78605, 73562.4, 70581.9, 84305.3, 80446.6, 80065, 84462.1, 80391.9, 80589.4
11, 4608, 1408, 1, 768, 4608, 4608, 4608, 768, 9965666304, 2.61818, 0.8, 92562.3, 107.664, 146, Cijk_Ailk_Bljk_HHS_BH_MT64x384x32_MI32x32x8x1_SN_1LDSB1_GRVW8_K1_LPB8_LRVW4_MIWT2_3_NLCA1_PLR5_SS1_SRVW0_SVW2_VW2_WG32_8_1, 54511.8, 53226.1, 53940.5, 9254.72, 53321.8, 53978, 55871.2, 56504.7, 55761.1, 56751.9, 53230.6, 52645.7, 53312.7, 52358.1, 51762, 53353.7, 66071, 62142.3, 62285.2, 65611.6, 62216.7, 62241.6, 65466.9, 62136.1, 61895.2, 67473.9, 63420.4, 64833.1, 67248.1, 63349.4, 64846.6, 67139.3, 63446.2, 64799.4, 71806.8, 64644.7, 65563.3, 70674.2, 66366.7, 66239.7, 71889.6, 65604.8, 66310.2, 68190.4, 68452.8, 65917.2, 55746.1, 52077.9, 54392.8, 55676.4, 52008.3, 54473.7, 55846.1, 52508.1, 54818.8, 64046.5, 60039.7, 58648.9, 62844.5, 60807.5, 59324.8, 63771, 60412.4, 58826.2, 72239.8, 68747.4, 69267.3, 72206.3, 68747.4, 69251.9, 65117.8, 63272.2, 66155.3, 64517.5, 63265.8, 65764.1, 64257.8, 64752.2, 65931.2, 63530.3, 64337.5, 66239.7, 86255.6, 78218.2, 78306.7, 84845.6, 78100.5, 77963.7, 84523.2, 78454.7, 77672, 90675.8, 81696.2, 82040.5, 91690.2, 83458.6, 83391.6, 91006.9, 83113.4, 83604.3, 79822.1, 75314.6, 72231.4, 78415.1, 76339.2, 73302.5, 80858.3, 75772.7, 73337, 64066.2, 62591.9, 65542.6, 64397.4, 62705.3, 65680.9, 63048.1, 64357.5, 62642.2, 64026.7, 64510.8, 64138.7, 66274.9, 63472.1, 63653.7, 66148.2, 85958, 77047.5, 77536.6, 85252.1, 77963.7, 77866.1, 85497.9, 77546.3, 77662.2, 78782.1, 73406.2, 76143.2, 78149.5, 73510.2, 75726.7, 78228, 73164.8, 75966.8, 91757.8, 82083.8, 82202.9, 92562.3, 83391.6, 84123.6, 92288, 83593, 83818, 80099.2, 81195.6, 79052.1, 66423.3, 61046, 64941.3, 66402.1, 61039.9, 65015.8, 66707.9, 61650.1, 65363.8, 79557, 74512.7, 71575.7, 77526.9, 75883.4, 73190.6, 80171.4, 75259.9, 72618.9, 87393.2, 82540.6, 82870.1, 87430, 82694, 82431.4
12, 320, 8192, 1, 320, 320, 320, 320, 320, 1677721600, 1, 0.969697, 70421.2, 23.8241, 164, Cijk_Ailk_Bljk_HHS_BH_MT64x384x64_MI32x32x8x1_SN_1LDSB1_GRVW8_K1_LPB8_LRVW4_MIWT2_3_NLCA1_PLR1_SS1_SRVW0_SVW2_VW2_WG32_8_1, 45471.4, 46561.9, 45889.4, 45432.1, 46520.4, 45629.7, 35258, 37038.9, 35934.6, 37355.6, 45709.3, 46936.9, 46091.1, 45929.6, 46937, 45869.2, 57932.2, 57236.5, 57236.5, 57424.6, 56956.5, 57080.7, 57677.2, 56894.9, 57111.8, 43419.2, 41136.6, 42504, 42624.8, 40848.1, 42921.4, 43800.1, 41593.4, 43044.9, 57330.4, 52851.3, 53471.3, 56802.2, 53911.2, 54584.7, 57049.6, 53662.9, 54161.8, 46665.5, 47749.2, 46152, 36676.2, 34871, 36083, 36599.4, 34629.2, 36070.6, 36869.6, 35057.6, 36195.1, 56587.6, 52324, 52798.2, 56587.8, 52141.9, 53580.4, 56925.8, 52376.3, 53254.1, 44849.2, 43097.8, 43727, 44887.6, 43419.1, 43329.5, 52824.8, 52931.5, 53011.8, 53146.1, 53119.2, 52560, 53553.3, 52454.9, 52115.8, 52402.4, 54217.8, 52586.2, 69580.1, 67736.9, 67606.2, 68623.8, 68400, 67693.5, 69626.3, 68489.3, 67649.8, 69075.9, 62303.7, 63549.8, 68489.3, 64132.8, 64927.1, 69304.1, 63319.6, 64211.4, 69487.9, 62939.5, 63472.9, 67475.7, 62009, 63937.3, 70091.7, 62489.4, 64015.4, 52718.6, 52038.2, 53200, 52193.8, 52877.9, 52481.1, 37104.4, 38437.4, 37157, 39464.5, 51858.2, 52324, 52533.7, 52219.6, 52141.9, 52115.9, 69167, 68713.7, 68758.8, 69672.5, 69167, 68400, 69487.9, 69998.1, 69121.4, 47148.1, 43419.1, 45969.8, 46111.4, 42833.8, 45829.1, 46458.7, 43062.4, 46396.9, 69904.8, 63549.8, 64487.8, 69858.2, 65209.7, 65989.4, 69998.1, 65250.3, 65494.8, 52454.9, 52141.9, 51375.3, 38033.1, 35341.1, 36947.5, 37909.3, 35305.4, 36960.6, 38005.5, 35520.7, 37302.4, 70421.2, 62564, 59781.6, 66449.4, 60928.1, 62082.4, 68310.9, 62045.5, 60716.4, 47770.8, 44696.1, 45949.7, 48055.6, 44887.6, 45353.4
13, 640, 2048, 1, 640, 640, 640, 640, 640, 1677721600, 2.03636, 0.646465, 56557.3, 29.6641, 152, Cijk_Ailk_Bljk_HHS_BH_MT96x64x32_MI32x32x8x1_SN_1LDSB1_GRVW8_K1_LPB8_LRVW8_MIWT3_1_NLCA3_PLR5_SS1_SRVW0_SVW1_VW1_WG32_4_1, 29587.3, 28641.6, 29916.5, 29545.5, 28775.3, 30148.7, 41676.2, 41412.7, 41759.1, 41412.9, 29347.1, 28278.7, 30183.4, 29822.8, 28316.8, 30183.4, 36421.4, 35281.7, 35934.6, 36083, 35424.7, 35714.3, 36561.1, 35317.3, 35448.7, 41429.1, 36727.5, 39778.9, 41412.7, 37104.4, 39538.9, 41266.1, 37315.7, 39733.7, 34882.6, 31105.7, 32194.4, 35508.7, 32363.3, 32850, 35034.1, 31861.8, 32829.4, 48410.4, 44945.2, 46274.2, 35860.9, 33394, 35210.6, 35983.9, 33415.3, 35269.8, 36132.7, 33683.6, 35568.9, 35934.6, 33511.4, 32984.3, 35151.6, 34133.2, 33586.5, 35641.5, 33803.1, 33098.9, 46479.2, 45099.9, 44113.2, 46212.9, 45197.1, 43836.6, 36561.1, 35641.5, 37012.8, 36282.8, 35568.9, 36484.7, 37104.4, 35799.6, 36714.7, 37091.3, 35617.2, 38019.3, 51000.6, 48410.6, 48612.4, 49908.1, 48055.6, 48410.6, 50051.2, 48500.1, 47967.5, 47446.7, 41527.6, 41875.8, 48077.6, 42521.1, 44337, 47382.4, 42145.1, 42659.5, 48388.1, 45749.3, 44525.3, 47233, 45570.2, 45022.5, 48455.3, 45829.1, 44906.8, 37650.7, 36295.3, 38423.3, 39464.6, 36070.6, 38213.2, 47575.9, 47640.8, 47727.5, 47727.5, 37964.3, 36145.2, 38171.5, 38678.5, 36058.2, 38692.7, 51476.3, 48725.5, 49437.5, 50291.1, 48657.5, 47468.2, 51075.2, 48321.3, 48276.7, 45177.5, 41104.3, 43854.9, 46192.6, 40943.8, 44544.3, 46376.4, 40501.1, 44791.6, 48321.3, 41859.1, 42833.8, 49321.4, 43062.4, 44113.2, 48388.1, 43080.1, 43946.9, 56557.3, 52533.7, 55100.8, 41152.7, 37923, 40298.7, 41201.2, 36895.5, 40376.2, 41347.5, 38297, 40848.2, 49228.6, 45353.5, 43419.1, 47880, 46050.6, 44039.2, 49344.6, 45849.2, 44076.2, 53690.4, 51961, 51704.8, 54022.3, 51807, 51628.4
14, 320, 8192, 1, 1280, 320, 320, 320, 1280, 6710886400, 1, 0.969697, 62666.8, 107.088, 100, Cijk_Ailk_Bljk_HHS_BH_MT64x384x64_MI32x32x8x1_SN_1LDSB1_GRVW8_K1_LPB8_LRVW4_MIWT2_3_NLCA1_PLR1_SS0_SRVW4_SVW4_VW1_WG32_8_1, 42469.5, 42043.8, 42868.8, 42820.7, 42272.6, 42803.2, 45143.5, 45914.5, 43676.8, 45664.5, 42603.2, 41825.8, 42392.2, 42499.6, 42001.7, 42529.8, 52167.8, 53335.3, 52918.1, 52520.5, 53430.4, 52884.7, 52167.8, 53132.6, 52612.7, 56397.6, 50412.1, 56321.8, 56557.3, 50503.2, 56618.3, 56771.6, 50649.5, 56717.9, 53254, 51050.2, 51218.5, 53213.5, 51564.8, 51457.3, 52751.7, 51495.2, 51819.7, 58825.9, 58718.8, 58286.3, 55841.9, 51628.4, 54705.7, 55901.5, 51704.7, 54684.3, 56171, 52174.2, 55428.7, 59875.6, 58004.2, 58481.4, 59654.2, 58604, 58768.2, 59781.8, 58440.7, 58933.4, 59841.5, 56542, 54891.9, 59459.7, 55752.8, 53403.2, 43324.9, 42353.7, 43378.7, 43155.6, 42908.3, 43410.1, 43347.3, 42886.4, 43405.6, 43208.9, 42873.2, 43414.6, 53382.8, 54154.7, 53105.7, 53642.2, 53890.3, 53348.9, 53724.7, 53315, 53539.5, 53233.8, 52187.2, 51967.4, 53512.2, 52904.7, 52891.4, 53348.9, 51622, 52527.1, 62666.8, 59730.6, 60210.8, 62350.1, 59892.7, 59935.5, 62517.3, 59747.7, 59654.2, 43622.3, 42755.2, 43749.7, 43540.8, 42663.9, 43845.8, 45829.2, 46453.5, 45129, 46905.5, 44150.4, 43031.6, 44085.4, 43891.7, 43383.2, 43951.4, 54266.9, 53587.4, 53519, 54091.9, 53430.4, 53294.6, 53362.4, 54057.1, 53260.8, 58768.2, 51243.6, 56649, 57503.2, 50988.2, 56344.5, 57621.7, 51400.6, 56995.3, 53724.7, 52586.4, 52904.7, 53580.5, 52871.4, 53119.1, 54450, 52904.7, 52951.4, 60654.9, 59832.9, 59485, 56542, 52044.8, 55180.7, 56481.1, 51986.7, 55086.5, 56740.9, 52612.7, 55775.1, 62526.6, 60210.9, 60012.7, 62480.1, 60029.8, 60436.4, 61599.1, 60047.1, 61016.7, 59577.9, 57653.4, 55180.7, 59233, 57181.8, 55043.1
15, 1280, 512, 1, 1280, 1280, 1280, 1280, 1280, 1677721600, 1.01818, 0.484848, 39023.9, 42.9922, 140, Cijk_Ailk_Bljk_HHS_BH_MT96x64x32_MI32x32x8x1_SN_1LDSB0_GRVW8_K1_LPB8_LRVW8_MIWT3_1_NLCA3_PLR5_SS1_SRVW0_SVW1_VW1_WG32_4_1, 22429.3, 20491.9, 23584.6, 22329, 20329, 23574, 33245.8, 37759.1, 32788.4, 37704.8, 21540.1, 19969, 23537, 21750.1, 19851.8, 23621.8, 29151.3, 26722, 26962.5, 28278.6, 26694.8, 27080.9, 29159.4, 26701.6, 26976.4, 38607.2, 36973.7, 36947.5, 38019.3, 37475.7, 37315.7, 38792.9, 37502.6, 37104.4, 24516.5, 21487.1, 21817.9, 25175.8, 22371.9, 22790.1, 24695.5, 22112.4, 22405.4, 35353.1, 33340.9, 33694.5, 34222.3, 31403.8, 33404.6, 34166.6, 31394.3, 33436.6, 34402, 31774.9, 33759.6, 24695.5, 23213.9, 21831.6, 24060.8, 23600.5, 22272.1, 24830, 23500, 22024.2, 34755.4, 32604.8, 32860.3, 34952.4, 32870.6, 33245.7, 26313, 23426.5, 28408.9, 26227.4, 23696.5, 28501.6, 25109.5, 23286.1, 28339.7, 25091.4, 23111.6, 28501.5, 36986.6, 32604.8, 33193.2, 34859.4, 32839.7, 33193.2, 36650.5, 32614.9, 33140.7, 29421.2, 25315.6, 25407.6, 30166, 26425.7, 26797.1, 29822.8, 25974, 26234, 29679.4, 27710.6, 25738.1, 28799, 28339.7, 26220.8, 30314.3, 28111.9, 26103.3, 25769.8, 23348.3, 28854.5, 25909.8, 23317.1, 28767.4, 33846.7, 36947.6, 33705.3, 37130.7, 24977.9, 22990, 28878.3, 25599.9, 22879.6, 28822.7, 36207.6, 32066.4, 32696.3, 34188.8, 32234, 32686.2, 35922.3, 32174.7, 32503.8, 38564.6, 36497.4, 37964.2, 38241.2, 37091.3, 37745.5, 39023.9, 36753.4, 38171.5, 29054.4, 24971.9, 25079.4, 29780.5, 26135.9, 26339.4, 29070.4, 25712.9, 25922.6, 35593.1, 33737.8, 32767.9, 31784.5, 30588.5, 33277.4, 33119.8, 30393.3, 32273.7, 34022.4, 31356.8, 33015.5, 29200, 27256.8, 25364.6, 28447.4, 27769.4, 25941.9, 29805.9, 27630.4, 25675.1, 35258, 33672.8, 33824.9, 34560.7, 33266.8, 33532.8
16, 10240, 512, 1, 1280, 10240, 10240, 10240, 1280, 13421772800, 7.78182, 0.969697, 86748.4, 154.721, 173, Cijk_Ailk_Bljk_HHS_BH_MT96x64x64_MI32x32x8x1_SN_1LDSB1_GRVW8_K1_LPB8_LRVW4_MIWT3_1_NLCA3_PLR9_SS1_SRVW0_SVW1_VW1_WG32_4_1, 44558.5, 44815.6, 45894.4, 44598.7, 44808.4, 45952.2, 60206.5, 59798.8, 59918.4, 60388.5, 44489.9, 44381.6, 45654.6, 44796.4, 44551.3, 45614.9, 63874, 58649.1, 58428.5, 63636.6, 59594.9, 58161.1, 63439.3, 59099.4, 57852.2, 73817.1, 69811.7, 71313.2, 74162.9, 69805.9, 71568.7, 74006, 69747.8, 71386, 67589.8, 63947.1, 65479.5, 67857.7, 66119.4, 66926.6, 67753.6, 65301.1, 65372.3, 71483.4, 71192.2, 69823.3, 64280.2, 60025.6, 63105.2, 64463, 60107.3, 62755.9, 64846.8, 60532.3, 63329.1, 61744.2, 57570.4, 56526.8, 60751.5, 58871.3, 57724.9, 61382.8, 58473.3, 56656.6, 78390.6, 73778.2, 74248.3, 77664.8, 74281.2, 74951.5, 49860.8, 50149.9, 51050.2, 49890.4, 50179.9, 51106.2, 50234, 49665.9, 51199.8, 50585.4, 49890.4, 51378.5, 79565.3, 72110.1, 71538.2, 75907.8, 72640.9, 71495.5, 78891.9, 72221.9, 71887.7, 83576.5, 77859.4, 76621.9, 82792.9, 79883.6, 79550.2, 83618.2, 79048, 78456.5, 73693.9, 69195.5, 65194.5, 71599.3, 70539.6, 65916.8, 74831.1, 70050.7, 65741.2, 50336.5, 50360.6, 51293.7, 50533.6, 50409.1, 51109.3, 64319.7, 63713.9, 64706.7, 64339.4, 50619, 49493, 51388, 50793.7, 50072.1, 51347.1, 80581.9, 76149, 75668.2, 80097.1, 12555.3, 74884.6, 78655.2, 75342, 75484.3, 79332.1, 74811.2, 77378.2, 79709, 74717.9, 76713, 79746.9, 74651.3, 77150.5, 83261.3, 76832.5, 76232, 83802, 79040.5, 78729, 84045.4, 78368.6, 77982.5, 77478.3, 80242.7, 78186, 71574.8, 65648.6, 69637.8, 70232.5, 64059.4, 68194.2, 71617.6, 65761.8, 69315.6, 72817.5, 68803.9, 64492.8, 70975.3, 70250.2, 66067.3, 74300.9, 69545.5, 65235.1, 86748.4, 82362, 82007.7, 86373.3, 81863.7, 82719.4
17, 2560, 8192, 1, 320, 2560, 2560, 2560, 320, 13421772800, 8, 0.969697, 92650.5, 144.865, 149, Cijk_Ailk_Bljk_HHS_BH_MT64x384x32_MI32x32x8x1_SN_1LDSB1_GRVW8_K1_LPB8_LRVW8_MIWT2_3_NLCA1_PLR5_SS1_SRVW0_SVW2_VW2_WG32_8_1, 46955.4, 47294.2, 47179.8, 47116.2, 46950.1, 46918.6, 50839.8, 51444.7, 50846, 51403.7, 45550.5, 46000.1, 44760.5, 45540.6, 46012.7, 44674.7, 54712.8, 53331.9, 53488.3, 55264.3, 53189.9, 53315, 54924.2, 52944.8, 53142.7, 54812.9, 51797.3, 53515.6, 54891.9, 51977, 53454.2, 54956.6, 51835.7, 53430.4, 56231.2, 55275.3, 55072, 56561.1, 55616.1, 55789.9, 56568.7, 55399.4, 55061.2, 59760.5, 59871.3, 58966.5, 41363.8, 38330.2, 40372.4, 41359.7, 38419.8, 40417.1, 41427.1, 38587.7, 40540.2, 53162.9, 49786.8, 49645.3, 52389.3, 50215.9, 50234, 52242.5, 49932, 49113.4, 58879.6, 56344.5, 57038, 58760, 56507.7, 57174, 64866.8, 64922, 64922, 64691.7, 64811.6, 64932.1, 64636.9, 65916.8, 64108.3, 65751.5, 65571.6, 63844.9, 84324.2, 81166.6, 81213.8, 83203.4, 81363.5, 81174.5, 84155, 81229.5, 81002.1, 91448.5, 88180.1, 88143, 92040.5, 87765, 89022.3, 91428.6, 88749.2, 88617.9, 79952, 75887.2, 73480.8, 77902.8, 76692, 74143.3, 80473.6, 76149, 73752.2, 64691.7, 65027.7, 64512.6, 64245.8, 65037.8, 64726.6, 65301, 66905.2, 65229.9, 67108.6, 65083.2, 66229, 63439.3, 64621.9, 65999.8, 63238.4, 85597.7, 82637.9, 82801, 85267.1, 82956.6, 82792.9, 86098.4, 82184.5, 82353.9, 74452.6, 68719.4, 72134.9, 74314.1, 68979.3, 72377.7, 74386.6, 68770.1, 72159.8, 92314, 89564.1, 87099.7, 92578.9, 88198.7, 88599.2, 92650.5, 88721, 87958.2, 81919.7, 84045.4, 82031.8, 56062.1, 50625.1, 54337.2, 56013.4, 50518.4, 54298.5, 56235, 50861.4, 54877.5, 80799.2, 76232, 73966.8, 79174.8, 77178.9, 74651.4, 80358, 76510.2, 74944.8, 85536.6, 81458.3, 82345.9, 85536.6, 81402.9, 82386.3
18, 5120, 2048, 1, 640, 5120, 5120, 5120, 640, 13421772800, 4.36364, 0.775758, 92855.6, 144.545, 94, Cijk_Ailk_Bljk_HHS_BH_MT64x384x32_MI32x32x8x1_SN_1LDSB1_GRVW8_K1_LPB8_LRVW4_MIWT2_3_NLCA1_PLR5_SS0_SRVW4_SVW4_VW1_WG32_8_1, 50982, 50448.5, 51384.8, 51271.8, 50649.5, 51274.9, 56687.2, 57760.6, 56775.4, 57558.5, 50475.8, 49586.7, 49736.6, 50137.9, 50436.3, 49613, 61517.8, 59747.7, 60094.4, 61531.4, 59922.6, 60319.1, 62142.2, 59683.9, 59773.2, 66470.5, 62151.4, 64093.6, 66276.2, 62169.8, 63912.9, 66155.9, 62252.9, 64108.3, 67524.5, 62522, 64418.5, 67759.1, 64997.5, 65622.9, 67649.8, 64671.7, 65316.3, 69115.7, 68871.7, 66333.8, 53430.4, 49668.9, 52317.4, 53237.1, 49902.3, 52304.4, 53382.8, 50363.7, 52353.3, 60362.5, 56995.3, 55206.1, 59325.1, 57649.5, 56137.1, 59760.5, 57570.3, 55340.9, 72490.2, 68294.2, 69092.9, 72228.1, 67896.2, 69229.8, 64240.9, 64054.5, 63810.9, 63942.2, 63767.2, 63947, 63053, 62953.6, 63665.5, 63912.9, 62690.2, 63733.3, 89022.3, 78958.7, 79975, 86054.3, 79407.2, 80020.7, 87995.1, 79580.4, 79324.6, 91698.4, 84801.6, 85293.1, 92855.6, 86883.2, 87072.6, 92253.1, 86222.3, 86766.4, 78485.9, 73249.8, 70056.6, 75969.7, 74857.8, 71047.5, 79459.8, 74064.7, 70533.7, 64339.4, 63981.2, 63898.3, 63956.8, 64123, 63835.1, 64776.6, 66036.2, 64816.7, 66155.9, 63670.4, 62774.6, 63849.7, 63010.4, 63133.7, 63540.2, 88758.6, 79800, 80908.3, 85466.8, 80744.8, 80853.7, 87884.4, 79921.6, 80698.1, 78332, 73230.7, 75825.5, 78832.6, 73026.6, 75976.6, 78773.3, 73179.6, 76121.3, 91718.5, 85145.9, 86010.2, 92670.9, 87462.9, 87939.8, 92263.2, 86865.2, 86847.2, 82743.9, 84163.4, 81847.8, 64477.9, 59078.6, 62755.8, 64482.8, 59354.5, 62652.8, 64477.9, 59854.2, 63029.3, 79640.9, 73947.2, 69701.5, 77349.6, 75484.3, 71246.6, 80442.8, 74851.2, 70825.5, 89487.7, 84715.9, 84947.6, 89813.4, 84664.6, 85807.8
19, 1280, 512, 1, 5120, 1280, 1280, 1280, 5120, 6710886400, 1.01818, 0.484848, 43333.9, 154.865, 31, Cijk_Ailk_Bljk_HHS_BH_MT96x64x32_MI32x32x8x1_SN_1LDSB0_GRVW8_K1_LPB8_LRVW8_MIWT3_1_NLCA3_PLR5_SS0_SRVW0_SVW4_VW1_WG32_4_1, 14709.1, 14615.8, 14807.2, 14657.1, 14547.8, 14919.4, 34077.7, 41148.7, 34172.1, 41007.9, 14566.5, 14298.4, 15769.8, 14738, 13740, 16472.1, 21354.8, 20992.4, 20615.8, 21288.6, 21086.3, 19198.5, 20712.5, 21031.4, 20463.9, 43266.8, 41755, 42022.7, 43213.3, 41585.2, 42264.1, 43333.9, 41449.6, 42362.2, 20866.1, 17601.6, 18875.3, 21015.6, 18939.2, 18968.4, 20553.2, 17930.4, 18937.5, 39707.3, 37677.7, 37789.8, 40060, 37153.7, 38753.5, 39831.8, 36928, 39140.4, 40442.4, 37422.3, 39442.2, 25186.4, 22182.6, 21930.9, 24837.4, 22636.3, 22344.5, 25338.5, 22383.9, 21990.7, 39983.7, 38699.8, 37322.3, 39922.8, 38962.2, 37097.9, 14763.9, 14439.7, 15128.2, 14630, 14641.3, 15253.1, 14435.2, 14319.9, 16164.2, 14915.7, 13852.1, 16966.5, 21928.6, 21152.3, 19824.6, 21677, 21198.3, 19167.7, 20640.2, 21194, 19482.9, 21195, 18178.3, 18994.1, 20801.9, 18633, 19391.1, 21101.2, 5363.06, 19227.5, 25983.7, 22592.4, 22209.6, 25523.6, 23233.2, 22663.2, 26374.2, 23132, 22383.9, 15645.7, 14623.9, 17555.9, 15817.9, 14673, 17533.2, 34807.4, 40544.1, 34612, 40626.6, 14923.1, 14225.6, 17664.6, 15060.8, 13918.8, 17677.3, 21717.4, 21119.3, 19879.1, 21921.7, 21272.4, 19334.7, 21175.8, 21254.1, 19510.1, 42417.9, 41527.6, 41433.3, 42525.5, 40899.9, 41527.6, 42577.3, 41023.9, 41355.6, 21342.8, 18096, 19045, 20785.4, 18731.2, 19321.4, 21180.1, 18330.1, 19260.2, 39276, 37048.7, 37216.4, 38915.3, 35867, 37974.5, 39125.8, 36148.3, 37960.8, 39103.9, 36529.2, 38458.5, 26160.3, 22959.7, 22387.4, 25661, 23475, 22963.5, 26574.7, 23201.1, 22458.2, 39809.1, 38325, 37199.9, 39460.8, 38955, 36950.8
20, 640, 2048, 1, 2560, 640, 640, 640, 2560, 6710886400, 2.03636, 0.646465, 65209.7, 102.912, 173, Cijk_Ailk_Bljk_HHS_BH_MT96x64x64_MI32x32x8x1_SN_1LDSB1_GRVW8_K1_LPB8_LRVW4_MIWT3_1_NLCA3_PLR9_SS1_SRVW0_SVW1_VW1_WG32_4_1, 29884.5, 27082.6, 29882.4, 29856.8, 27749.2, 28751.6, 48725.4, 50680.1, 48850.3, 50932.5, 26938.3, 27059.9, 29954.9, 29880.2, 27248, 29692, 41116.4, 37009.5, 36110.9, 41185.1, 36220.1, 35412.8, 37332.3, 40148.2, 35848.6, 50710.8, 45904.4, 49021.6, 50753.7, 45624.8, 49010.1, 50472.8, 46371.3, 48867.4, 41201.2, 34523.7, 34859.4, 41092.3, 35066.4, 35066.4, 40856.1, 34990.3, 35145.7, 60769.1, 58124.8, 57283.3, 48856, 45211.7, 47651.5, 48731.1, 45236.1, 47613.6, 49130.7, 45739.2, 48011.5, 44911.5, 40967.8, 40384, 44016, 41376, 41052, 45338.7, 40991.8, 40575.5, 61726.1, 58966.5, 58221.6, 62073.2, 59299.9, 58076.6, 30320.9, 30633.1, 30813.2, 29664.7, 30060.1, 30655.5, 30150.9, 30045, 30211.7, 30897.1, 27494.5, 30461.8, 43383.2, 42568.6, 41997.5, 43244.5, 43347.3, 41963.8, 42538.4, 42877.6, 42276.8, 43772.6, 35741.7, 37435.6, 43040.4, 37546.2, 38195.8, 42768.3, 36248.3, 37153.7, 49414.3, 43595.1, 42650.9, 47754.6, 44159.7, 43699.6, 51156.1, 44426.3, 42733.4, 32318.4, 30601.8, 31493.4, 30391.2, 30101.1, 31631.1, 50200.9, 54513.7, 50821.3, 54556.2, 30819.9, 29125, 30804.1, 31540.7, 27550.5, 29916.4, 44435.7, 43000.7, 42846.9, 43649.5, 42733.4, 42077.5, 43636, 42983, 42166.3, 52070.6, 47880, 51268.6, 52337, 47355.6, 51463.6, 52389.3, 47441.3, 51350.2, 43731.5, 35802.7, 36843.7, 43062.5, 38391.6, 37442.3, 42733.4, 37173.5, 37759.1, 63453.6, 60998.9, 59561, 51131.1, 47110.9, 50021.3, 50809, 47137.4, 50021.3, 51400.6, 47727.4, 50339.5, 49292.3, 43713.2, 42616.2, 48310.1, 44360.5, 43213.4, 51325.1, 44492.3, 42952.2, 65209.7, 62442.9, 61123.4, 65098.4, 62220.6, 60998.9
21, 320, 154, 1, 768, 320, 320, 320, 768, 75694080, 0.109091, 0.0364583, 4292.97, 17.6321, 25, Cijk_Ailk_Bljk_HHS_BH_MT96x64x32_MI32x32x8x1_SN_1LDSB0_GRVW8_K1_LPB8_LRVW4_MIWT3_1_NLCA3_PLR1_SS0_SRVW0_SVW4_VW1_WG32_4_1, 1929.39, 1701.75, 2252.79, 1930.97, 1715.32, 2226.28, 3371.96, 3102.2, 3410.87, 3073.98, 1913, 1727.85, 2258.17, 1996.14, 1732.28, 2163.18, 2281.03, 2103.54, 2233.64, 2191.23, 2097.02, 2176.11, 2314.51, 2143.57, 2205.53, 4292.97, 3557.04, 3965.53, 4269.72, 3357.6, 3968.84, 4289.1, 3573.16, 3982.2, 2046.22, 1748.28, 1789.28, 2093.3, 1786.58, 1880.31, 2081.33, 1791.31, 1841.52, 3884.12, 3326.91, 3693.1, 4224, 3942.4, 4175.51, 4157.17, 3903.35, 4190.3, 4157.19, 3958.9, 4212.69, 1948.46, 1773.85, 1699.91, 1894.62, 1800.17, 1754.77, 1968.73, 1796.76, 1736.73, 3818.31, 3350.47, 3573.16, 3793.79, 3388.87, 3581.27, 1899.95, 1716.57, 2169.13, 1909.91, 1701.75, 2185.15, 1843.67, 1709.74, 2174.11, 1953.29, 1677.61, 2081.33, 2241.05, 2111.05, 2164.17, 2173.11, 2077.67, 2223.14, 2258.17, 2145.51, 2163.17, 2038.28, 1708.51, 1786.58, 2050.65, 1781.87, 1837.23, 2046.22, 1759.99, 1818.16, 1921.55, 1743.13, 1681.19, 1874.35, 1773.85, 1723.45, 1944.45, 1761.96, 1704.2, 1867.69, 1695.65, 2179.11, 1848.71, 1692.61, 2203.48, 3162.34, 2897.04, 3175.07, 2902.37, 1850.16, 1668.73, 2190.21, 1903.77, 1688.99, 2064.98, 2222.1, 2024.33, 2172.11, 2081.33, 2070.4, 2111.99, 2218.98, 2055.11, 2154.31, 3840, 3267.17, 3581.27, 3836.87, 3276.22, 3541.06, 3843.1, 3269.43, 3644.73, 1968.73, 1698.69, 1736.73, 2047.1, 1742.49, 1832.25, 2006.3, 1744.42, 1798.12, 3578.56, 3094.09, 3367.16, 3874.57, 3603.11, 3840, 3877.77, 3600.35, 3806, 3877.75, 3641.94, 3861.94, 1895.38, 1706.04, 1674.64, 1850.16, 1727.22, 1682.98, 1919.21, 1724.7, 1692.01, 3546.37, 3130.95, 3355.22, 3594.88, 3170.82, 3364.76
22, 1280, 154, 1, 768, 1280, 1280, 1280, 768, 302776320, 0.381818, 0.145833, 17032.9, 17.776, 155, Cijk_Ailk_Bljk_HHS_BH_MT96x64x64_MI32x32x8x1_SN_1LDSB0_GRVW8_K1_LPB8_LRVW4_MIWT3_1_NLCA3_PLR1_SS1_SRVW0_SVW1_VW1_WG32_4_1, 7518.25, 6804.54, 8867.58, 7479.62, 6785.03, 8917.75, 12607.2, 11602.4, 12598.8, 11581.1, 7412.25, 6816.8, 8884.26, 7717.57, 6789.89, 8478.23, 9102.19, 8589.84, 8884.26, 8736.59, 8672.53, 8884.23, 9089.05, 8728.54, 8913.52, 15574.8, 13196.3, 14556.5, 15562, 13214.7, 14567.7, 15626.3, 13270.3, 14658, 8146.11, 6972.52, 7127.47, 8358.4, 7258.7, 7488.49, 8191.98, 7176.14, 7418.04, 14346.8, 12425.1, 13682.9, 15691.1, 14567.8, 15410, 15678.1, 14578.9, 15422.5, 15769.5, 14692.1, 15536.6, 7593.67, 7377.55, 6957.14, 7670.62, 7509.3, 7066.27, 7971.11, 7438.45, 7006.1, 14390.4, 12812.1, 13545.8, 14390.4, 12786.1, 13536.1, 8303.41, 7506.32, 10071, 8343.68, 7527.24, 10119.5, 8086.93, 7432.61, 9975.43, 8497.29, 7406.43, 9461.73, 10431.9, 9739.27, 10206.8, 9881.7, 9825.26, 10206.8, 10449.2, 9886.86, 10168.4, 9159.47, 7739.64, 7931.04, 9395.93, 8086.93, 8347.34, 9217.44, 7951.02, 8153.13, 8855.15, 8188.41, 7720.7, 8593.74, 8384.35, 7871.66, 8976.98, 8321.67, 7777.83, 8139.13, 7366.07, 9794.75, 8111.22, 7380.43, 9784.62, 13487.8, 12344.1, 13497.5, 12336, 8069.71, 7320.48, 9809.98, 8339.98, 7278.26, 9381.98, 10081.8, 9490.17, 9923.16, 9596.05, 9571.81, 9917.92, 10114.1, 9659.75, 9917.92, 16850.9, 14100.9, 15626.3, 16880.8, 14132.5, 15678.1, 16956.5, 14185.5, 15809, 8880.09, 7599.77, 7746, 9172.79, 7931.02, 8153.13, 8981.21, 7826.06, 7991.31, 15511, 13261, 14726.4, 17032.9, 15704.1, 16599.5, 17002.2, 15691.1, 16643.3, 17032.8, 15848.8, 16835.8, 8625.07, 7944.34, 7482.57, 8332.66, 8093.87, 7670.64, 8720.49, 8035.44, 7572.4, 15473, 13653.3, 14500.7, 15485.6, 13653.3, 14489.6
